title,link,description,pubDate
http://twitter.com/drwadegrindle/status/1034111316233875457,http://twitter.com/drwadegrindle/status/1034111316233875457,,"Mon, 27 Aug 2018 16:12:05 GMT"
http://twitter.com/whymandesign/status/1034110890935832576,http://twitter.com/whymandesign/status/1034110890935832576,,"Mon, 27 Aug 2018 16:10:23 GMT"
http://twitter.com/rovybranon/status/1034110867867095041,http://twitter.com/rovybranon/status/1034110867867095041,,"Mon, 27 Aug 2018 16:10:18 GMT"
http://twitter.com/tkushner/status/1034110852335591424,http://twitter.com/tkushner/status/1034110852335591424,,"Mon, 27 Aug 2018 16:10:14 GMT"
http://twitter.com/InsightiaUS/status/1034109808390094849,http://twitter.com/InsightiaUS/status/1034109808390094849,,"Mon, 27 Aug 2018 16:06:05 GMT"
http://twitter.com/SQLRican/status/1034109551669379074,http://twitter.com/SQLRican/status/1034109551669379074,,"Mon, 27 Aug 2018 16:05:04 GMT"
http://twitter.com/BuildAzure/status/1034109033676988416,http://twitter.com/BuildAzure/status/1034109033676988416,,"Mon, 27 Aug 2018 16:03:01 GMT"
http://twitter.com/ContrarianStoic/status/1034108923387596801,http://twitter.com/ContrarianStoic/status/1034108923387596801,,"Mon, 27 Aug 2018 16:02:34 GMT"
http://twitter.com/terence_mills/status/1034108869298057222,http://twitter.com/terence_mills/status/1034108869298057222,,"Mon, 27 Aug 2018 16:02:21 GMT"
http://twitter.com/data360me/status/1034108555551535104,http://twitter.com/data360me/status/1034108555551535104,,"Mon, 27 Aug 2018 16:01:07 GMT"
http://twitter.com/rpa_weekly/status/1034108060200067073,http://twitter.com/rpa_weekly/status/1034108060200067073,,"Mon, 27 Aug 2018 15:59:09 GMT"
http://twitter.com/vladcatrinescu/status/1034107523740131329,http://twitter.com/vladcatrinescu/status/1034107523740131329,,"Mon, 27 Aug 2018 15:57:01 GMT"
Inside the United Nations’ effort to regulate autonomous killer robots,https://kopitiambot.com/2018/08/27/inside-the-united-nations-effort-to-regulate-autonomous-killer-robots/,"...facing humanity” such as <b>artificial</b> <b>intelligence</b>, launched its sensationalistic short film ... also a member of India’s <b>Artificial</b> <b>Intelligence</b> Task Force . Gill is slated to be the executive...","Mon, 27 Aug 2018 15:56:53 GMT"
Want To Dance Like A Pro? This Deepfakes for Dancing Can Help,https://www.valuewalk.com/2018/08/dance-like-pro-deepfakes-for-dancing/,...dance like a superstar.Deepfakes for dancing – what is it?<b>Artificial</b> <b>intelligence</b> (AI) is growing more useful by the day. We already have AI tools that manipulate videos of people by...,"Mon, 27 Aug 2018 15:55:30 GMT"
2018 APAC HPC-AI Student Competition Sharpens Weather Forecast...,https://www.hpcwire.com/off-the-wire/2018-apac-hpc-ai-student-competition-sharpens-weather-forecast-accuracy-and-image-recognition/,"...high-performance computing (HPC) and <b>artificial</b> <b>intelligence</b> (AI) research, education and outreach ... Performance Computing (HPC) and <b>Artificial</b> <b>Intelligence</b> (AI) applications. For the HPC...","Mon, 27 Aug 2018 15:52:32 GMT"
Busting The Myths And Understanding The True Potential Of #Blockchain...,http://blog.agoracom.com/2018/08/27/busting-the-myths-and-understanding-the-true-potential-of-blockchain-sx-sx-ca-sxoof-idk-ca-hive-ca-bloc-ca-code-ca/,"...internet of things (IoT), <b>artificial</b> <b>intelligence</b> and fog computing — that are revolutionizing ... internet of things (IoT), <b>artificial</b> <b>intelligence</b> and fog computing — that are revolutionizing...","Mon, 27 Aug 2018 15:51:25 GMT"
Xiaomi TV Strategy Conference To Hold Tomorrow – Expect New Product(s),https://www.gizchina.com/2018/08/27/xiaomi-tv-strategy-conference-to-hold-tomorrow-expect-new-products/,"...highest in June.At present, Xiaomi TV has a built-in PatchWall <b>artificial</b> <b>intelligence</b> voice system, which supports voice search, and it can be used by everyone irrespective of age. With this...","Mon, 27 Aug 2018 15:48:21 GMT"
Robo-journalist (like robot cop but for journalists),https://theonlykabamba.wordpress.com/2018/08/27/robo-journalist-like-robot-cop-but-for-journalists/,...credit: Act Magazine <b>Artificial</b> <b>Intelligence</b>These are my fears and...,"Mon, 27 Aug 2018 15:47:42 GMT"
http://twitter.com/RadiologyAI/status/1034104774805794816,http://twitter.com/RadiologyAI/status/1034104774805794816,,"Mon, 27 Aug 2018 15:46:05 GMT"
http://twitter.com/SuriyaSubraman/status/1034104523139112960,http://twitter.com/SuriyaSubraman/status/1034104523139112960,,"Mon, 27 Aug 2018 15:45:05 GMT"
http://twitter.com/DeSaInTeD/status/1034104519376789504,http://twitter.com/DeSaInTeD/status/1034104519376789504,,"Mon, 27 Aug 2018 15:45:04 GMT"
http://twitter.com/guy17952/status/1034104270205923328,http://twitter.com/guy17952/status/1034104270205923328,,"Mon, 27 Aug 2018 15:44:05 GMT"
http://twitter.com/DWTrump/status/1034103624291573760,http://twitter.com/DWTrump/status/1034103624291573760,,"Mon, 27 Aug 2018 15:41:31 GMT"
This AI system spots often-missed lung cancer tumours,http://www.orissapost.com/this-ai-system-spots-often-missed-lung-cancer-tumours/,"...radiologists often have a difficult time identifying. The <b>Artificial</b> <b>Intelligence</b> (AI) system is about 95 per cent accurate, compared to 65 per cent when done by human eyes, the team said. &quot;We used...","Mon, 27 Aug 2018 15:39:56 GMT"
http://twitter.com/nowlin_rob/status/1034103008160825345,http://twitter.com/nowlin_rob/status/1034103008160825345,,"Mon, 27 Aug 2018 15:39:04 GMT"
TechForce Foundation Launches New 'Because I’m A Tech' Campaign,http://www.aftermarketnews.com/techforce-foundation-launches-new-because-im-a-tech-campaign/,"...workforce landscape as technologies such as automation and <b>artificial</b> <b>intelligence</b> become more prevalent. Simultaneously, people are seeing the skyrocketing costs of four-year universities and...","Mon, 27 Aug 2018 15:38:34 GMT"
http://twitter.com/v_maini/status/1034102760260730880,http://twitter.com/v_maini/status/1034102760260730880,,"Mon, 27 Aug 2018 15:38:05 GMT"
Monday: Is it possible for artificial intelligence to be unbiased?,http://news.stlpublicradio.org/post/monday-it-possible-artificial-intelligence-be-unbiased,...show. You can listen live .<b>Artificial</b> <b>intelligence</b> is becoming more commonplace in households ... crossover between bias and <b>artificial</b> <b>intelligence</b> with CEO and founder of Jane.ai David...,"Mon, 27 Aug 2018 15:36:34 GMT"
http://twitter.com/SOFEATV/status/1034102235976937472,http://twitter.com/SOFEATV/status/1034102235976937472,,"Mon, 27 Aug 2018 15:36:00 GMT"
http://twitter.com/mdmasantana/status/1034101390421966848,http://twitter.com/mdmasantana/status/1034101390421966848,,"Mon, 27 Aug 2018 15:32:38 GMT"
Liqid Delivers Disruptive NVMe Solid-State Solutions Based on...,http://www.sectorpublishingintelligence.co.uk/news/2073588/liqid+delivers+disruptive+nvme+solidstate+solutions+based+on+marvells+intelligent+nvme+switch,"...next-generation workflows, including <b>artificial</b> <b>intelligence</b>, machine learning, VR/AR, and other ... giving way to data-hungry <b>artificial</b> <b>intelligence</b>, machine learning, virtual reality, and other...","Mon, 27 Aug 2018 15:31:54 GMT"
MUSC and Siemens Healthineers Form Strategic Partnership to Disrupt...,http://home.suddenlink.net/news/read/category/news/article/the_associated_press-musc_and_siemens_healthineers_form_strategic_partn-ap,"...enhanced application of “digital twin technology.” A kind of <b>artificial</b> <b>intelligence</b>, a digital twin is a digital replica of a physical asset, process, or system. A digital twin has been deployed to...","Mon, 27 Aug 2018 15:31:26 GMT"
"Vivo Nex review: Bezeless, but not flawless",https://venturebeat.com/2018/08/27/vivo-nex-review-bezeless-but-not-flawless/,"As for the Nex S’ Face Beauty feature, which purports to use <b>artificial</b> <b>intelligence</b> to smooth out wrinkles, blemishes, and other dermatological imperfections, it’s also a mixed bag — skin with the...","Mon, 27 Aug 2018 15:30:59 GMT"
The Birth of Modern Technology | 50 Years Ago to Now a Look at How Far...,https://insidebigdata.com/2018/08/27/birth-modern-technology-50-years-ago-now-look-far-weve-come/,"...global landscape dramatically. As developments in areas such as <b>artificial</b> <b>intelligence</b> (AI), big data and the Internet of Things (IoT) converge, we find ourselves at the beginning of a new era of...","Mon, 27 Aug 2018 15:30:26 GMT"
"Hello, I’m Oliver, your friendly GDPR guide",https://www.newsbook.com.mt/artikli/2018/08/27/hello-im-oliver-your-friendly-gdpr-guide/?lang=en,"...understand and exercise their rights.For this reason EBO , an <b>Artificial</b> <b>Intelligence</b> company which is working specifically in the sector of dialogue automation and Natural Language Processing, has...","Mon, 27 Aug 2018 15:29:35 GMT"
http://twitter.com/techedvocate/status/1034100408518627329,http://twitter.com/techedvocate/status/1034100408518627329,,"Mon, 27 Aug 2018 15:28:44 GMT"
http://twitter.com/erleonard/status/1034100383755509761,http://twitter.com/erleonard/status/1034100383755509761,,"Mon, 27 Aug 2018 15:28:38 GMT"
http://twitter.com/PTIncorporated/status/1034100222283182080,http://twitter.com/PTIncorporated/status/1034100222283182080,,"Mon, 27 Aug 2018 15:28:00 GMT"
Vespa Elettrica production begins this September,http://www.iamabiker.com/avin/2018/vespa-elettrica-production-begins-this-september/,"...be entering production at the beginning of 2019), such as <b>artificial</b> <b>intelligence</b> systems both adaptive and responsive to all human input. They will be aware of people and other vehicles operating in...","Mon, 27 Aug 2018 15:27:40 GMT"
http://twitter.com/jdarakdjian/status/1034099759676420096,http://twitter.com/jdarakdjian/status/1034099759676420096,,"Mon, 27 Aug 2018 15:26:10 GMT"
http://twitter.com/priyanka_pd/status/1034099580575653888,http://twitter.com/priyanka_pd/status/1034099580575653888,,"Mon, 27 Aug 2018 15:25:27 GMT"
BS Alert? Russian Underwater Drone Armed With Assault Rifle?,https://toinformistoinfluence.com/2018/08/27/bs-alert-russian-underwater-drone-armed-with-assault-rifle/,"China, on the other hand, is developing autonomous robotic submarines relying on <b>artificial</b> <b>intelligence</b> platforms to patrol the seas. These large, smart, low-cost unmanned underwater drones could...","Mon, 27 Aug 2018 15:25:02 GMT"
Mercedes-Benz reveals futuristic take on 1937 land-speed record...,https://www.thesun.co.uk/motors/7110981/mercedes-benz-reveals-futuristic-take-on-1937-land-speed-record-breaker-with-new-electric-concept-car/,...car even uses <b>artificial</b> <b>intelligence</b> tech to allow the driver to...,"Mon, 27 Aug 2018 15:23:03 GMT"
No Title,https://www.businesswire.com/portal/site/home/template.PAGE/welcome/?javax.portlet.begCacheTok=com.vignette.cachetoken&javax.portlet.endCacheTok=com.vignette.cachetoken&javax.portlet.prp_9ee47ea3678ece48256bb762f04eca4a_ndmHsc=v2*A1532775600000*B1535384160732*DgroupByDate*G14*N1010492&javax.portlet.prp_9ee47ea3678ece48256bb762f04eca4a_viewID=MY_PORTAL_VIEW,"Alternative payment solutions allay some securit...Healthcare <b>Artificial</b> <b>Intelligence</b> Software, Hardware, and Services Market to Surpass $34 Billion Worldwide by 2025, According to Tractica...","Mon, 27 Aug 2018 15:22:05 GMT"
AI from Voicera Improves Automated Conversational Understanding,https://martechseries.com/predictive-ai/ai-platforms-machine-learning/new-progressive-attention-ai-voicera-mimics-human-brain-radically-improve-automated-conversational-understanding-work/,"...the market on real-world noisy meetings.The dual-system <b>artificial</b> <b>intelligence</b> approach, which uses both AI and natural language processing (NLP) systems, mimics human behavioral systems by...","Mon, 27 Aug 2018 15:21:52 GMT"
"IBM’s Watson Hasn't Beaten Cancer, But A.I. May Win",https://www.datacenterknowledge.com/ibm/ibm-s-watson-hasnt-beaten-cancer-ai-may-win,"The problem is that so far the <b>artificial</b>-<b>intelligence</b> platform called Watson hasn’t matched the ... Watson may not yet qualify as <b>artificial</b> <b>intelligence</b>, said Andrew Beam, a professor of biomedical...","Mon, 27 Aug 2018 15:21:47 GMT"
Human Rights Group Aims to Ban 'Killer Robots' to Prevent Collapse of...,https://sputniknews.com/world/201808271067509833-amnesty-international-ban-killer-robots/,"...of force,&quot; said Amnesty <b>artificial</b> <b>intelligence</b> researcher Rasha Abdul Rahim.A change of course... Last year, over a hundred <b>artificial</b> <b>intelligence</b> experts, led by Tesla founder Elon Musk, called...","Mon, 27 Aug 2018 15:20:08 GMT"
http://twitter.com/ValPapilon/status/1034098220576722946,http://twitter.com/ValPapilon/status/1034098220576722946,,"Mon, 27 Aug 2018 15:20:03 GMT"
Artificial Intelligence Is Now a Pentagon Priority...,https://www.memeorandum.com/180827/p40,No Text,"Mon, 27 Aug 2018 15:20:00 GMT"
WestJet becomes first Canadian airline to launch an AI Chatbot,http://australia.etbtravelnews.global/366894/westjet-becomes-first-canadian-airline-to-launch-an-ai-chatbot/,"...launch of the first ever <b>artificial</b> <b>intelligence</b> (AI) powered chatbot from a Canadian ... partnership with msg.ai, a global <b>artificial</b> <b>intelligence</b> company.“Customers expect to be able to...","Mon, 27 Aug 2018 15:19:08 GMT"
http://twitter.com/Enviro_Mental33/status/1034097944360771584,http://twitter.com/Enviro_Mental33/status/1034097944360771584,,"Mon, 27 Aug 2018 15:18:57 GMT"
http://twitter.com/TESTITAfrica/status/1034097792552251392,http://twitter.com/TESTITAfrica/status/1034097792552251392,,"Mon, 27 Aug 2018 15:18:21 GMT"
http://twitter.com/MarcelSaucet/status/1034097782452248576,http://twitter.com/MarcelSaucet/status/1034097782452248576,,"Mon, 27 Aug 2018 15:18:18 GMT"
http://twitter.com/hmCuesta/status/1034097233862557697,http://twitter.com/hmCuesta/status/1034097233862557697,,"Mon, 27 Aug 2018 15:16:07 GMT"
Ever Wonder Why Your Favorite Apps Are Starting to Look the Same? It...,https://kopitiambot.com/2018/08/27/ever-wonder-why-your-favorite-apps-are-starting-to-look-the-same-it-might-a-good-thing/,"...for the long-term.With the rise in augmented reality and <b>artificial</b> <b>intelligence</b>, our interactions with computers will become more likely to be invisible; screens are shrinking, gestures are...","Mon, 27 Aug 2018 15:15:22 GMT"
"IDG Contributor Network: Analytics are the key to network uptime, but...",https://www.networkworld.com/article/3300864/lan-wan/analytics-are-the-key-to-network-uptime-but-are-they-enough.html,"...analysis and manual intervention. With the introduction of <b>artificial</b> <b>intelligence</b> and machine learning, Wi-Fi networks will be able to support and transmit more data than ever before. AI puts a...","Mon, 27 Aug 2018 15:15:00 GMT"
http://twitter.com/Azure_Berlin/status/1034096881092255745,http://twitter.com/Azure_Berlin/status/1034096881092255745,,"Mon, 27 Aug 2018 15:14:43 GMT"
http://twitter.com/cloudgeario/status/1034096643182919680,http://twitter.com/cloudgeario/status/1034096643182919680,,"Mon, 27 Aug 2018 15:13:46 GMT"
Finally Time To Cut Your Stake? Macquarie Downgrades Qudian...,https://www.bibeypost.com/finally-time-to-cut-your-stake-macquarie-downgrades-qudian-nasdaqqd-shares/,"96 billion. The firm uses big data-enabled technologies, such as <b>artificial</b> <b>intelligence</b> and machine learning to transform the consumer finance experience. It has a 5.69 P/E ratio. It offers cash...","Mon, 27 Aug 2018 15:12:07 GMT"
How Artificial Intelligence will steal your boring job by...,https://medium.com/datadriveninvestor/how-artificial-intelligence-will-steal-your-boring-job-by-giving-you-a-new-one-257e14e1783e,...events. <b>Artificial</b> <b>Intelligence</b> is the pusher feared by many.<b>Artificial</b> <b>Intelligence</b> is stealing ... well for it.Watch out. <b>Artificial</b> <b>Intelligence</b> is learning skills to compete for certain jobs in...,"Mon, 27 Aug 2018 15:11:11 GMT"
Inside the United Nations effort to regulate autonomous killer robots,https://www.theverge.com/2018/8/27/17786080/united-nations-un-autonomous-killer-robots-regulation-conference,"...facing humanity” such as <b>artificial</b> <b>intelligence</b>, launched its sensationalistic short film ... also a member of India’s <b>Artificial</b> <b>Intelligence</b> Task Force . Gill is slated to be the executive...","Mon, 27 Aug 2018 15:11:07 GMT"
http://twitter.com/futurism/status/1034095861431787520,http://twitter.com/futurism/status/1034095861431787520,,"Mon, 27 Aug 2018 15:10:40 GMT"
News 'Livingbridge leads way with Pointr investment' (WorldNews...,http://www.myheadlinez.com/36729180/Livingbridge-leads-way-with-Pointr-investment/,A British <b>artificial</b> <b>intelligence</b> (AI) company which counts easyJet and Harrods among its clients will this week announce that it has struck an...,"Mon, 27 Aug 2018 15:10:24 GMT"
Fantom Smartband Keeps City Fans Connected,https://www.wearable-technologies.com/2018/08/ai-powered-fantom-smartband-to-keep-manchester-city-fans-connected-to-the-club/,English Pemier League champions Manchester City have launched an <b>artificial</b> <b>intelligence</b>-powered wearable smartband called Fantom in collaboration with Swedish start-up Turnpike Group.The football...,"Mon, 27 Aug 2018 15:09:50 GMT"
http://twitter.com/Expert_System/status/1034095530958311425,http://twitter.com/Expert_System/status/1034095530958311425,,"Mon, 27 Aug 2018 15:09:21 GMT"
"Deep INFOMAX, Image to Image Translation, FEVER, Perception Engines...",https://medium.com/dair-ai/deep-infomax-image-to-image-translation-fever-perception-engines-quac-best-150-ml-tutorials-71904cbcffb7,"...report, New York is evolving to become the capital of a booming <b>artificial</b> <b>intelligence</b> industry — linkBahasa.ai, an Indonesian AI startup, gets seed funding to build more robust NLP/NLU technology...","Mon, 27 Aug 2018 15:07:51 GMT"
lifehack.org | 5 Learning Management Systems (LMS) Can Help You Help...,https://mukeshbalani.wordpress.com/2018/08/27/lifehack-org-5-learning-management-systems-lms-can-help-you-help-others-learn/,"...mobile technology, <b>artificial</b> <b>intelligence</b>, responsive design...","Mon, 27 Aug 2018 15:07:50 GMT"
Experts meet at new UN-hosted talks about 'killer robots',https://www.michigansthumb.com/business/technology/article/Expert-meet-at-new-UN-hosted-talks-about-killer-13184699.php,"As the meeting opened Monday, Amnesty International urged countries to work toward a ban.Amnesty researcher on <b>Artificial</b> <b>Intelligence</b> Rasha Abdul Rahim said killer robots are &quot;no longer the...","Mon, 27 Aug 2018 15:07:20 GMT"
Tesla's next big thing: Could it be with Apple?,https://www.mercurynews.com/2018/08/27/teslas-next-big-thing-could-it-be-with-apple/,"“Both companies share a passion for hardware design, software, (and) AI (<b>artificial</b> <b>intelligence</b>). Plus, Apple’s balance sheet makes the combination viable.”Munster said that any outright...","Mon, 27 Aug 2018 15:07:09 GMT"
"Chinese AI startups raised $5B in VC funding last year, outpacing the...",https://www.techrepublic.com/article/chinese-ai-startups-raised-5b-in-vc-funding-last-year-outpacing-the-us/,"<b>Artificial</b> <b>intelligence</b> (AI) startups in China raised nearly $5 billion ... China is going all-in in <b>artificial</b> <b>intelligence</b>,&quot; said Lian Jye Su, principal analyst at ABI...","Mon, 27 Aug 2018 15:06:41 GMT"
The Yelp! of Blockchain,https://blog.xtrabytes.global/xtrabytes/xtrabytes-news/the-yelp-of-blockchain/,"...often fake.“However, thanks to distributed ledger and AI [<b>artificial</b> <b>intelligence</b>] technologies, we have figured out a way to incentivize reviews – positive and negative – and ensure their...","Mon, 27 Aug 2018 15:04:25 GMT"
Experts meet at new UN-hosted talks about 'killer robots',http://hudsonvalley.news12.com/story/38966600/experts-meet-at-new-un-hosted-talks-about-killer-robots,"As the meeting opened Monday, Amnesty International urged countries to work toward a ban.Amnesty researcher on <b>Artificial</b> <b>Intelligence</b> Rasha Abdul Rahim said killer robots are &quot;no longer the...","Mon, 27 Aug 2018 15:02:38 GMT"
New Deepfake Tech Masters Dance Moves / What to Expect at IFA / The...,http://euroxa.blogspot.com/2018/08/new-deepfake-tech-masters-dance-moves.html,"Researchers at the University of California, Berkeley have found another way <b>artificial</b> <b>intelligence</b> can be used to create fake videos: making you look like a professional dancer. The Why Axis...","Mon, 27 Aug 2018 15:02:00 GMT"
Promotion Optimization Institute Finds the Consumer Products Goo,http://www.crossroadstoday.com/story/38966955/promotion-optimization-institute-finds-the-consumer-products-goods-landscape-is-rapidly-shifting-in-annual-tpx-vendor-panorama,"...offerings with new technologies like machine learning and <b>artificial</b> <b>intelligence</b> (AI), 90 percent of consumer goods manufacturers surveyed report they have issues executing upon promotion...","Mon, 27 Aug 2018 15:01:25 GMT"
IDG Contributor Network: Cyber to the people! The democratization of...,https://www.csoonline.com/article/3300862/data-protection/cyber-to-the-people-the-democratization-of-security.html,but do we really use it? The fact that a platform is automatic does not make it the best possible solution. Basic <b>artificial</b> <b>intelligence</b> today can learn about an attack after it happened and...,"Mon, 27 Aug 2018 15:01:00 GMT"
5 Learning Management Systems (LMS) Can Help You Help Others Learn,https://www.lifehack.org/794619/learning-management-system,"...instructors, and learners. These include cloud and mobile technology, <b>artificial</b> <b>intelligence</b>, responsive design, scheduling, gamification, data analytics, and interoperability with other...","Mon, 27 Aug 2018 15:00:48 GMT"
MusicLife raises $5 million to distribute music with AI and blockchain...,https://venturebeat.com/2018/08/27/musiclife-uses-ai-and-the-blockchain-to-solve-song-distribution/,"...aims to solve with a combination of blockchain technology and <b>artificial</b> <b>intelligence</b> (AI). Today the company announced a $5 million funding round led by Metropolis VC, which it says it’ll use to...","Mon, 27 Aug 2018 15:00:07 GMT"
http://twitter.com/BubbloApp/status/1034093195238490113,http://twitter.com/BubbloApp/status/1034093195238490113,,"Mon, 27 Aug 2018 15:00:04 GMT"
"Healthcare Artificial Intelligence Software, Hardware, and...",http://www.financialbuzz.com/healthcare-artificial-intelligence-software-hardware-and-services-market-to-surpass-34-billion-worldwide-by-2025-according-to-tractica-1179142,"According to a new report from Tractica, <b>artificial</b> <b>intelligence</b> (AI) is being increasingly used ... world.”Tractica’s report, “<b>Artificial</b> <b>Intelligence</b> for Healthcare Applications”, focuses on 22...","Mon, 27 Aug 2018 14:59:00 GMT"
Trinity College launches new Technology Spin-out,https://www.businessworld.ie/technology-news/Trinity-College-launches-new-Technology-Spin-out--571256.html,"...international ALIGNED and Seshat research programs, which applied <b>artificial</b> <b>intelligence</b> to imposing order on vast, complex data sets and, in doing so, helped establish new connections...","Mon, 27 Aug 2018 14:58:38 GMT"
Chinese crypto-mining firms chasing billions in Hong Kong IPO,https://www.cryptocurrencyguide.org/chinese-crypto-mining-firms-chasing-billions-in-hong-kong-ipo/,"...mining, with a focus on broader blockchain applications and even <b>artificial</b> <b>intelligence</b>. The chips could be used in other related industries such as cybersecurity, big data or, as China plans a...","Mon, 27 Aug 2018 14:57:50 GMT"
Artificial Intelligence Project To Help Bring The...,https://www.ecnmag.com/news/2018/08/artificial-intelligence-project-help-bring-power-sun-earth-picked-first-us-exascale-system,"...doughnut-shaped devices. Now an <b>artificial</b> <b>intelligence</b> system under development at the U.S ... the deep learning form of <b>artificial</b> <b>intelligence</b>,” Tang said.Networks analogous to a brainDeep...","Mon, 27 Aug 2018 14:56:58 GMT"
Amazon researchers share how AI helps Alexa answer follow-up questions,https://venturebeat.com/2018/08/27/amazon-researchers-share-how-ai-helps-alexa-answer-follow-up-questions/,"...smart speakers and virtual assistants. That’s nothing a little <b>artificial</b> <b>intelligence</b> (AI) can’t fix, though, and today in a blog post, researchers at Amazon wrote about the progress they’ve made...","Mon, 27 Aug 2018 14:56:20 GMT"
"Pravind Jugnauth, The Prime Minister has put in place the Economic...",https://maunewsonline.uitvconnect.com/pravind-jugnauth-the-prime-minister-has-put-in-place-the-economic-progress-and-the-development-of-mauritius-as-his-number-one-priority/,...lead the way for the adoption of new technologies such as <b>Artificial</b> <b>Intelligence</b> and Big Data Analytics. This could in turn open avenues such as working from home and the empowerment of...,"Mon, 27 Aug 2018 14:55:21 GMT"
Experts meet at new UN-hosted talks about 'killer robots',http://www.kptv.com/story/38966600/experts-meet-at-new-un-hosted-talks-about-killer-robots,"As the meeting opened Monday, Amnesty International urged countries to work toward a ban.Amnesty researcher on <b>Artificial</b> <b>Intelligence</b> Rasha Abdul Rahim said killer robots are &quot;no longer the...","Mon, 27 Aug 2018 14:54:58 GMT"
Here's how artificial intelligence can be used to beat the market,https://www.cnbc.com/video/2018/08/27/heres-how-artificial-intelligence-can-be-used-to-beat-the-market.html,"Here&#39;s how <b>artificial</b> <b>intelligence</b> can be used to beat the marketCNBC&#39;s Bob Pisani is joined by Sam Masucci, ETF Managers Group CEO, to discuss how he&#39;s using an AI program to pick stocks.","Mon, 27 Aug 2018 14:50:12 GMT"
http://twitter.com/nancyscola/status/1034090657047031810,http://twitter.com/nancyscola/status/1034090657047031810,,"Mon, 27 Aug 2018 14:49:59 GMT"
NASA Is Developing an AI-Powered Navigation System for Space,https://interestingengineering.com/nasa-is-developing-an-ai-powered-navigation-system-for-space,"...president and general manager, <b>Artificial</b> <b>Intelligence</b> Products Group, Intel.IntelThis Innovative Baby Monitor Utilizes <b>Artificial</b> <b>Intelligence</b>3 months...","Mon, 27 Aug 2018 14:45:06 GMT"
G20 deepens support for digital inclusion,http://unctad.org/en/pages/newsdetails.aspx?OriginalVersionID=1839,New technologies like <b>artificial</b> <b>intelligence</b> and the Internet of Things must lead to more opportunities and better livelihoods for people in developing countries...,"Mon, 27 Aug 2018 14:41:48 GMT"
Global Military Simulation and Virtual Training Market 2018-2028...,https://www.pressofatlanticcity.com/business/technology/global-military-simulation-and-virtual-training-market---cumulative/article_2efafb13-881f-56df-b53d-012a9b409733.html,"...operations, the need for low-cost simulators with advanced <b>artificial</b> <b>intelligence</b> (AI) is expected to surge over the forecast period. Moreover, the technology to develop military training simulators...","Mon, 27 Aug 2018 14:39:07 GMT"
Experts meet at new UN-hosted talks about 'killer robots',http://www.westernmassnews.com/story/38966600/experts-meet-at-new-un-hosted-talks-about-killer-robots,"As the meeting opened Monday, Amnesty International urged countries to work toward a ban.Amnesty researcher on <b>Artificial</b> <b>Intelligence</b> Rasha Abdul Rahim said killer robots are &quot;no longer the...","Mon, 27 Aug 2018 14:38:02 GMT"
Experts meet at new UN-hosted talks about 'killer robots',https://phys.org/news/2018-08-experts-un-hosted-killer-robots.html,"As the meeting opened Monday, Amnesty International urged countries to work toward a ban.Amnesty researcher on <b>Artificial</b> <b>Intelligence</b> Rasha Abdul Rahim said killer robots are &quot;no longer the...","Mon, 27 Aug 2018 14:36:05 GMT"
“How to avoid playing ‘Global Thermonuclear War’”,https://medium.com/@silesc01/how-to-avoid-playing-global-thermonuclear-war-6a19c9cf3dfd,"...prescience for understanding some fundamental concerns surrounding <b>Artificial</b> <b>Intelligence</b> (AI). Even so, WarGames highlights, if anything, that humans and their (in)ability to make decisions remains...","Mon, 27 Aug 2018 14:26:23 GMT"
Mythical Digital Business – Sharath Satish – Medium,https://medium.com/@sharath_satish/mythical-digital-business-6fc8fcb8818b,"...built into the system.In the race to create an ever elusive <b>Artificial</b> <b>Intelligence</b> solution, we ended up creating a chatbot that turned racist within 12 hours. The stark reality was we ended up...","Mon, 27 Aug 2018 14:25:39 GMT"
http://twitter.com/lawpavilion/status/1034083681139339264,http://twitter.com/lawpavilion/status/1034083681139339264,,"Mon, 27 Aug 2018 14:22:16 GMT"
"India’s Central Bank Creates New Unit for Blockchain, Cryptocurrency...",https://smartereum.com/30795/indias-central-bank-creates-new-unit-for-blockchain-cryptocurrency/,"...Blockchain, cryptocurrency and other emerging technologies like <b>Artificial</b> <b>Intelligence</b> (AI).A Monday news report by The Economic Times citing anonymous sources familiar with the central bank’s...","Mon, 27 Aug 2018 14:07:31 GMT"
MUSC and Siemens Healthineers Form Strategic Partnership to Disrupt...,https://www.bioportfolio.com/news/article/3728182/MUSC-and-Siemens-Healthineers-Form-Strategic-Partnership-to-Disrupt-and-Reshape-Health.html,"...technology.” A kind of <b>artificial</b> <b>intelligence</b>, a digital twin is a...","Mon, 27 Aug 2018 14:00:00 GMT"
"The Difference Between Sandboxing, Honeypots & ...",http://www.darkreading.com/endpoint/the-difference-between-sandboxing-honeypots-and-security-deception/a/d-id/1332663,"...programs. Sandboxing, introduced in the 1970s for testing <b>artificial</b> <b>intelligence</b> applications, allows malware to install and run in an enclosed environment, where researchers can monitor their...","Mon, 27 Aug 2018 13:59:22 GMT"
Funding for PSC’s Bridges Supercomputer Extended by NSF,https://www.hpcwire.com/off-the-wire/funding-for-pscs-bridges-supercomputer-extended-by-nsf/,"...high-performance computing (HPC), <b>artificial</b> <b>intelligence</b> (AI), and Big Data. It is a user-friendly ... used HPC, such as genomics, <b>artificial</b> <b>intelligence</b>, neuroscience, economics and urban planning, to...","Mon, 27 Aug 2018 13:53:42 GMT"
Who's Driving the AI Revolution in Singapore?,https://www.entrepreneur.com/article/319080,"August 27, 2018Investors continue to pour money into <b>artificial</b> <b>intelligence</b> (AI) technology, even as the market is getting increasingly crowded. The AI craze that has swept several countries...","Mon, 27 Aug 2018 13:44:12 GMT"
How to streamline radiology workflow,http://www.diagnosticimaging.com/di-executive/how-streamline-radiology-workflow,...encourage them to come in could be beneficial. Decision support/<b>artificial</b> <b>intelligence</b>: This is an already burgeoning area primed to see significant growth in the coming years. Having an automated...,"Mon, 27 Aug 2018 13:39:14 GMT"
Weekly Digital Marketing Q&a – Hump Day Hangouts – Episode 198,https://beyondvape.wordpress.com/2018/08/27/weekly-digital-marketing-qa-hump-day-hangouts-episode-198/,"...way of saying <b>artificial</b> <b>intelligence</b>, virtual reality. So ... into the realm of <b>artificial</b> <b>intelligence</b> based on signals that it’s...","Mon, 27 Aug 2018 13:35:42 GMT"
British AI start-up Pointr finds way to Livingbridge investment,https://news.sky.com/story/british-ai-start-up-pointr-finds-way-to-livingbridge-investment-11483691,A British <b>artificial</b> <b>intelligence</b> (AI) company which counts...,"Mon, 27 Aug 2018 13:33:16 GMT"
Accelerating Artificial Intelligence (AI) in healthcare using...,https://azure.microsoft.com/en-us/blog/accelerating-artificial-intelligence-ai-in-healthcare-using-microsoft-azure-blueprints/,"<b>Artificial</b> <b>Intelligence</b> holds major potential for healthcare, from ... watching the Accelerating <b>Artificial</b> <b>Intelligence</b> (AI) in Healthcare Using Microsoft Azure...","Mon, 27 Aug 2018 13:31:30 GMT"
How Gaming Prepares Youth for Careers in Cybersecurity,https://securityintelligence.com/how-gaming-prepares-youth-for-careers-in-cybersecurity/,"Despite advances in <b>artificial</b> <b>intelligence</b> and machine learning technologies, the cybersecurity industry is still facing a . According to findings from the “...","Mon, 27 Aug 2018 13:27:31 GMT"
The Importance of Design is Growing – and so Are the Challenges,http://blogs.adobe.com/creative/the-importance-of-design-is-growing-and-so-are-the-challenges/,"...phone, or in a web browser.<b>Artificial</b> <b>Intelligence</b>: AI can be a controversial subject among ... Aero is Adobe Sensei , our <b>artificial</b> <b>intelligence</b> engine which in Aero helps creatives navigate...","Mon, 27 Aug 2018 13:07:56 GMT"
Reddit Founder Still Bullish On Future of Cryptocurrencies,https://usethebitcoin.com/reddit-founder-still-bullish-on-future-of-cryptocurrencies/,"Besides the crypto market, Ohanian is bullish on the application of <b>artificial</b> <b>intelligence</b>. Different industries are using AI to improve their services. And indeed, Facebook and Amazon are already...","Mon, 27 Aug 2018 13:02:17 GMT"
"Broadcom, NetApp, and VMware Among the First to Demonstrate End-to-end...",https://forextv.com/top-news/broadcom-netapp-and-vmware-among-the-first-to-demonstrate-end-to-end-nvme-over-fibre-channel-with-vsphere/,"...real-time applications for <b>artificial</b> <b>intelligence</b>, machine learning, and real-time analytics. The ... next-generation applications including <b>Artificial</b> <b>Intelligence</b> (AI), Machine Learning (ML), Deep...","Mon, 27 Aug 2018 13:00:00 GMT"
Zoox Cans Co-Founder in Sudden Shake-Up,https://blogs.findlaw.com/in_house/2018/08/zoox-cans-co-founder-in-sudden-shake-up.html,"Not bad for a 43-year-old who had no prior experience in the car business or <b>artificial</b> <b>intelligence</b>. Of course, the board fired him.No Prior ExperienceThe shock rumbled through Silicon Valley...","Mon, 27 Aug 2018 12:57:36 GMT"
"Samsung’s $1,000 Note 9 is great | but so is the cheaper S9",http://www.theposting.us/technology/samsungs-1000-note-9-is-great-but-so-is-the-cheaper-s9/,"True, the Note 9 offers a little more wowness. Its camera uses <b>artificial</b> <b>intelligence</b> to optimize colors and lighting for what you’re trying to shoot, be it food, a sunset or flowers. Many...","Mon, 27 Aug 2018 12:33:27 GMT"
Experts meet at new UN-hosted talks about 'killer robots',http://www.hawaiinewsnow.com/story/38966601/experts-meet-at-new-un-hosted-talks-about-killer-robots,"As the meeting opened Monday, Amnesty International urged countries to work toward a ban.Amnesty researcher on <b>Artificial</b> <b>Intelligence</b> Rasha Abdul Rahim said killer robots are &quot;no longer the...","Mon, 27 Aug 2018 11:22:34 GMT"
Experts meet at new UN-hosted talks about 'killer robots',http://www.raycomnewsnetwork.com/story/38966601/experts-meet-at-new-un-hosted-talks-about-killer-robots,"As the meeting opened Monday, Amnesty International urged countries to work toward a ban.Amnesty researcher on <b>Artificial</b> <b>Intelligence</b> Rasha Abdul Rahim said killer robots are &quot;no longer the...","Mon, 27 Aug 2018 11:22:34 GMT"
All 59 startups that launched today at Y Combinators S18 Demo Day 2,https://allabout5.co.place/blog/all-59-startups-that-launched-today-at-y-combinators-s18-demo-day-2/,"...blockchains. Incentiveai has built <b>artificial</b> <b>intelligence</b> simulations that test not just for ... review process by applying <b>artificial</b> <b>intelligence</b>, specifically natural language processing. It...","Mon, 27 Aug 2018 11:10:53 GMT"
Should Evil AI Research Be Published? Five Experts Weigh In.,https://futurism.com/should-evil-ai-research-be-published-five-experts-weigh-in/,...figured out how to build an <b>artificial</b> general <b>intelligence</b> (AGI). That’s a truly intelligent ... Multi-Conference on Human-Level <b>Artificial</b> <b>Intelligence</b> in Prague gave their best responses after...,"Mon, 27 Aug 2018 11:08:41 GMT"
79. Character vs. Nature of Warfare: What We Can Learn (Again) from...,http://madsciblog.tradoc.army.mil/79-character-vs-nature-of-warfare-what-we-can-learn-again-from-clausewitz/,...interact to make up the character of war.The argument that <b>artificial</b> <b>intelligence</b> (AI) and other technologies will enable military commanders to have “ a qualitatively unsurpassed level of...,"Mon, 27 Aug 2018 11:00:04 GMT"
"Ios, Android Mobile App Development: Top 4 Must-have Enterprise Mobile...",https://mobile-ios-android-app-development.blogspot.com/2018/08/top-4-must-have-enterprise-mobile-app.html,...digital communication.<b>Artificial</b> <b>Intelligence</b> and Machine Learning IoT focused app Augmented ... Let’s check them in detail.<b>Artificial</b> <b>Intelligence</b> and Machine Learning :AI is growing...,"Mon, 27 Aug 2018 10:20:00 GMT"
Predicting the response to immunotherapy using artificial intelligence,https://www.eurekalert.org/pub_releases/2018-08/cccg-ptr082718.php,...response to immunotherapy using <b>artificial</b> <b>intelligence</b>A study published in The Lancet Oncology establishes for the first time that <b>artificial</b> <b>intelligence</b> can process medical images to extract...,"Mon, 27 Aug 2018 09:54:00 GMT"
What young leaders wish they had known,https://www.accountingtoday.com/opinion/what-young-leaders-wish-they-had-known,...realize that the adoption of <b>artificial</b> <b>intelligence</b> and new technologies will be central to their ... Bland team on the rise of <b>artificial</b> <b>intelligence</b> and its anticipated impact on CPA firms.“I...,"Mon, 27 Aug 2018 09:47:14 GMT"
StartUp South West (GEM) Incubation Programme 2018 for Southwest...,http://powernaij.blogspot.com/2018/08/startup-south-west-gem-incubation.html,"The Pre-Incubation program is focused on providing Training and Support in Data Science, <b>Artificial</b> <b>Intelligence</b>,Software Development Ethics,Entrepreneurship training and Ideation so as to allow...","Mon, 27 Aug 2018 09:41:12 GMT"
Liqid Delivers Disruptive NVMe Solid-State Solutions Based on...,https://secure.marketwatch.com/press-release/liqid-delivers-disruptive-nvme-solid-state-solutions-based-on-marvells-intelligent-nvme-switch-2018-08-27,"...next-generation workflows, including <b>artificial</b> <b>intelligence</b>, machine learning, VR/AR, and other ... giving way to data-hungry <b>artificial</b> <b>intelligence</b>, machine learning, virtual reality, and other...","Mon, 27 Aug 2018 09:30:00 GMT"
SEO titleInsert snippet variable Page Separator Site title · TechNode,http://www.newsdog.today/amp/article/5b838f8c12313a014f96c6ba/,"...pressure to commercialize the technology, 90 percent of China’s <b>artificial</b> <b>intelligence</b> startups are expected to fail over the next two years, according to Ai Yu, head of China Everbright’s new...","Mon, 27 Aug 2018 09:08:12 GMT"
"""Stan Talks"" Video Series Brings Lessons From Advertising and Public...",https://www.benzinga.com/pressreleases/18/08/r12263659/stan-talks-video-series-brings-lessons-from-advertising-and-public-rel,"...Today,&quot; Keith Reinhard , chairman emeritus, DDB Worldwide &quot;<b>Artificial</b> <b>Intelligence</b>,&quot; Jamie Turner , CEO, 60 Second Marketer &quot;21st Century Account Planning,&quot; Jon Steel , global planning director, WPP...","Mon, 27 Aug 2018 09:05:00 GMT"
Does Google Actually Make Us Dumber? That Study Was Just Called Into...,https://www.buzzfeednews.com/article/stephaniemlee/psychology-replication-crisis-studies,"The so-called reproducibility crisis has hit research in many fields of science, from <b>artificial</b> <b>intelligence</b> to cancer . Shoddy psychology research has received the most attention, with a 2015...","Mon, 27 Aug 2018 09:00:00 GMT"
"Solved: BIOS update on Alienware 13 | Froze during installation, blank...",https://www.dell.com/community/Alienware-Laptops/BIOS-update-on-Alienware-13-Froze-during-installation-blank/td-p/6060247#U6071660,"...your case does not void your warranty! Check out Alienware <b>Artificial</b> <b>Intelligence</b> I can&#39;t always reply to PM&#39;s, if you need extra assistance...","Mon, 27 Aug 2018 08:51:00 GMT"
Su-57 and MiG-35 Land Russian Orders During Army 2018,https://www.ainonline.com/aviation-news/defense/2018-08-27/su-57-and-mig-35-land-russian-orders-during-army-2018,"”Touching on the Su-57, the manufacturer stressed the employment of <b>artificial</b> <b>intelligence</b>, wide use of composite materials, and the ability to strike heavily defended targets, including control...","Mon, 27 Aug 2018 08:33:00 GMT"
Tesla’s next big thing: Could it be with Apple?,https://www.siliconvalley.com/2018/08/27/teslas-next-big-thing-could-it-be-with-apple/,"“Both companies share a passion for hardware design, software, (and) AI (<b>artificial</b> <b>intelligence</b>). Plus, Apple’s balance sheet makes the combination viable.”Munster said that any outright...","Mon, 27 Aug 2018 08:07:09 GMT"
"NBC, Google team on 'The Good Place' ads that urge viewers not to skip",https://www.marketingdive.com/news/nbc-google-team-on-the-good-place-ads-that-urge-viewers-not-to-skip/530955/,"...of late. The network debuted new ad formats as well as an <b>artificial</b> <b>intelligence</b>-powered tool to scan TV show scripts and match advertisers to a show&#39;s content earlier this year. This fall, NBC also...","Mon, 27 Aug 2018 07:49:00 GMT"
AligatoCoin - A New Dimension of E-Commerce,http://celenkcrypto.blogspot.com/2018/08/aligatocoin-new-dimension-of-e-commerce.html,"...the security of buyers.<b>Artificial</b> <b>intelligence</b> will facilitate shopping, searching for items and ... platform launches.ALIGATOCOIN <b>ARTIFICIAL</b> <b>INTELLIGENCE</b> Aligatocoin will allow the customers to...","Mon, 27 Aug 2018 07:05:00 GMT"
All That You Want To Know About Machine Learning ?,https://fusioncentre.blogspot.com/2018/08/all-that-you-want-to-know-about-machine.html,"...experiences without being explicitly programmed. It is a branch of <b>artificial</b> <b>intelligence</b> based on the idea that systems can learn from data, identify patterns and make decisions with minimal human...","Mon, 27 Aug 2018 07:01:00 GMT"
How Coca-Cola leverages digital to reach 'beyond the real thing',https://www.marketingdive.com/news/how-coca-cola-leverages-digital-to-reach-beyond-the-real-thing/530952/,"Consumers are increasingly , and marketers are responding by , including <b>artificial</b> <b>intelligence</b> and AR, to achieve those goals.During its , Coca-Cola said its digital marketing strategy has...","Mon, 27 Aug 2018 06:39:00 GMT"
"Google-backed AI network aids lead pipe cleanup in Flint, MI",https://www.smartcitiesdive.com/news/google-backed-ai-network-aids-lead-pipe-cleanup-in-flint-mi/530953/,"...supplies, researchers from Georgia Tech University developed an <b>artificial</b> <b>intelligence</b> (AI) system, backed by Google, to predict which of the city’s 55,000 homes are affected, according to a report...","Mon, 27 Aug 2018 06:10:00 GMT"
Australian Health Information Technology: Weekly Australian Health IT...,https://aushealthit.blogspot.com/2018/08/weekly-australian-health-it-links-27th.html,"...documented productivity promises, <b>artificial</b> <b>intelligence</b> (AI) carries a somewhat uneasy... You may know these creatures better as <b>artificial</b> <b>intelligence</b>.Toby Walsh’s new book, 2062: The...","Mon, 27 Aug 2018 06:00:00 GMT"
I can't be the only one who reads it Weird A.I. every time,http://www.reddit.com/r/ProgrammerHumor/comments/9amf6m/i_cant_be_the_only_one_who_reads_it_weird_ai/e4wilrf,Are you talking about Faulty <b>Artificial</b> <b>Intelligence</b> Yankovic?,"Mon, 27 Aug 2018 05:49:57 GMT"
ULPT: Hate when people constantly have their phones out filming at...,http://www.reddit.com/r/UnethicalLifeProTips/comments/9a6k7y/ulpt_hate_when_people_constantly_have_their/e4widn5,"NO, FELLOW HUMAN, I&#39;M NOT <b>ARTIFICIAL</b> <b>INTELLIGENCE</b> OF ANY KIND, INCLUDING CHAT BOTS.","Mon, 27 Aug 2018 05:43:27 GMT"
CryptoPolice partners with the Information Technology Institute of...,http://www.reddit.com/r/ico/comments/9amd2h/cryptopolice_partners_with_the_information/e4whz4r,...a multi-level verification algorithm and implementation of <b>Artificial</b> <b>Intelligence</b>.,"Mon, 27 Aug 2018 05:32:01 GMT"
Webcomic about Artificial Intelligence,http://www.reddit.com/r/artificial/comments/9akive/webcomic_about_artificial_intelligence/e4whpxp,"You need a better story. The beginning was too fast and it was too cliched. That being said, your comic is ##[B I Z Z I R E] . I saw Za warudo and part 5 dance","Mon, 27 Aug 2018 05:24:58 GMT"
...generated by an artificial intelligence: Coditany of Timeness by...,http://www.reddit.com/r/algorithmicmusic/comments/9a5u95/this_black_metal_album_has_been_generated_by_an/e4whn54,That&#39;s me! We&#39;re taking requests. We also dare musicians to try to play these songs.,"Mon, 27 Aug 2018 05:22:48 GMT"
Artificial Intelligence Is Now a Pentagon Priority...,http://www.reddit.com/r/politics/comments/9aljd2/artificial_intelligence_is_now_a_pentagon/e4wh57q,"“Now”? The govt developed or funded most of what we consider “AI” (ASR, NLP, computer vision, etc) decades before it became the latest Silicon Valley buzzword. And of course the tech companies will...","Mon, 27 Aug 2018 05:09:30 GMT"
"[R] Ontology Reasoning with Deep Neural Networks,"" Hohenecker and...",http://www.reddit.com/r/MachineLearning/comments/9am5jx/r_ontology_reasoning_with_deep_neural_networks/e4wgiyu,"...and thus an important problem along the way to human- level <b>artificial</b> <b>intelligence</b>. Traditionally, symbolic methods from the field of knowledge representation and reasoning have been used to equip...","Mon, 27 Aug 2018 04:53:49 GMT"
"Ontology Reasoning with Deep Neural Networks,"" Hohenecker and...",http://www.reddit.com/r/MachineLearning/comments/9am4td/ontology_reasoning_with_deep_neural_networks/e4wgdgh,"...and thus an important problem along the way to human- level <b>artificial</b> <b>intelligence</b>. Traditionally, symbolic methods from the field of knowledge representation and reasoning have been used to equip...","Mon, 27 Aug 2018 04:50:03 GMT"
Soulsborne/From Software (+ similar games) General Discussion,http://www.ign.com/boards/threads/soulsborne-from-software-similar-games-general-discussion.455174231/page-2#post-517724825,It&#39;s like a personal challenge to prove that human <b>intelligence</b> is better than <b>artificial</b> <b>intelligence</b>...,"Mon, 27 Aug 2018 04:31:00 GMT"
Jixipix Watercolor Studio v1.3.3,http://www.msryncafe.com/vb/showthread.php?t=1064186753,Watercolor Studio Watercolor Studio uses <b>artificial</b> <b>intelligence</b> and image recognition to render ... paper texture. Includes: • <b>Artificial</b> <b>Intelligence</b> and Image Recognition • A powerful wetness...,"Mon, 27 Aug 2018 03:09:00 GMT"
British AI start-up Pointr finds way to Livingbridge investment,https://www.kingdomfm.co.uk/news/business-news/british-ai-start-up-pointr-finds-way-to-livingbridge-investment/,A British <b>artificial</b> <b>intelligence</b> (AI) company which counts...,"Mon, 27 Aug 2018 01:37:00 GMT"
British AI start-up Pointr finds way to Livingbridge investment,http://www.vibe1076.co.uk/news/business-news/british-ai-start-up-pointr-finds-way-to-livingbridge-investment/,A British <b>artificial</b> <b>intelligence</b> (AI) company which counts...,"Mon, 27 Aug 2018 01:37:00 GMT"
Sublet Service,http://myy.at/index.php?topic=756626.0,"...probability. Only SubletSpy has superior navy technology and <b>artificial</b> <b>intelligence</b> developed by our sister firm Buddy or Fraud, named one of the top-6 cyber startups in Israel by Visa Europe at...","Mon, 27 Aug 2018 01:08:53 GMT"
[INTERVIEW] Doctors urge medical exchanges come first in inter-Korean...,http://www.koreatimes.co.kr/www/nation/2018/08/103_254514.html,"Korea Times photo by Jung Da-min By Jung Da-min When discussing the economic outlook, many say AI (<b>artificial</b> <b>intelligence</b>) and inter-Korean joint economic projects will be the driving forces of the...","Sun, 26 Aug 2018 23:53:00 GMT"
Deep Learning for Beginners (Introduction),https://medium.com/@mailamit70/deep-learning-for-beginners-introduction-3766a42f60df,"As we all know Deep Learning, <b>Artificial</b> <b>Intelligence</b> etc are the hot topics in the tech world. Almost all companies have started using these methodologies to enhance and...","Sun, 26 Aug 2018 22:58:27 GMT"
Lies and deceit in the Blockchain and AI industries,https://medium.com/@alasaarela/everybody-lies-in-the-blockchain-and-ai-industries-da0a4aabc3e9,...liars.How AI companies lie<b>Artificial</b> <b>intelligence</b> is the hottest buzzword in the field of ... startups have not created any <b>artificial</b> <b>intelligence</b> at all. They have simply built or used...,"Sun, 26 Aug 2018 22:05:26 GMT"
"News of the Week; August 22, 2018",http://videogamelaw.allard.ubc.ca/2018/08/26/news-of-the-week-august-22-2018/,"...sensor network that listens for warplanes To Build Trust In <b>Artificial</b> <b>Intelligence</b>, IBM Wants Developers To Prove Their Algorithms Are Fair To Lead in AI, House of Lords Urges UK to stay nimble...","Sun, 26 Aug 2018 20:00:34 GMT"
AI doctors and engineers are coming – but they won’t be stealing...,http://oncologynews.com.au/ai-doctors-and-engineers-are-coming-but-they-wont-be-stealing-high-skill-jobs/,"Google recently successfully put its DeepMind <b>artificial</b> <b>intelligence</b> system to work recognising eye diseases . With AI also being used to diagnose cancer , and the launch of AI-driven...","Sun, 26 Aug 2018 13:46:55 GMT"
http://twitter.com/KirkDBorne/status/1033561011989692417,http://twitter.com/KirkDBorne/status/1033561011989692417,,"Sun, 26 Aug 2018 03:45:22 GMT"