title,link,description,pubDate,guid
"Santa Cruz Blur long-term review: A sharper focus, but more limited...",https://cyclingtips.com/2018/08/2019-santa-cruz-blur-review/,"...of climbing, but recent advancements in geometry and suspension <b>technology</b> make it far more versatile and fun overall than any of its predecessors could ever hope to be. Personally, I still wish that...","Mon, 27 Aug 2018 14:44:06 GMT",
Flying drones to be legal in India from December 1,https://www.indiatoday.in/india/story/flying-drones-legal-december-1-1324734-2018-08-27,"...to prepare regulations, including the quick evolution of drone <b>technology</b> and the need for extra precautions in India&#39;s security environment.FULL TEXT OF MINISTRY&#39;S...","Mon, 27 Aug 2018 14:42:52 GMT",
http://twitter.com/KryptTipp/status/1034086953057247233,http://twitter.com/KryptTipp/status/1034086953057247233,,"Mon, 27 Aug 2018 14:35:16 GMT",
How to Tame Health Care Spending? Here’s a One-Percent Solution,https://www.nytimes.com/2018/08/27/upshot/rising-health-care-costs-economists-propose-small-solutions.html,"The new paper , from researchers at the Massachusetts Institute of <b>Technology</b> and the University of Chicago, took a close look at what happened to patients as new long-term care hospitals opened...","Mon, 27 Aug 2018 14:33:57 GMT",
http://twitter.com/mraspinall/status/1034086584939888640,http://twitter.com/mraspinall/status/1034086584939888640,,"Mon, 27 Aug 2018 14:33:48 GMT",
http://twitter.com/Temenos/status/1034085374870597634,http://twitter.com/Temenos/status/1034085374870597634,,"Mon, 27 Aug 2018 14:29:00 GMT",
Iran Finalizes Draft on National Cryptocurrency as US Sanctions Sting,https://www.ccn.com/breaking-iran-reveals-national-cryptocurrency-features-as-u-s-sanctions-sting/,...developed on the Linux Foundation-led open-source Hyperledger Fabric <b>technology</b>. In contrast to decentralized cryptocurrencies such as Bitcoin that are issued in compliance with a mathematical...,"Mon, 27 Aug 2018 14:28:25 GMT",
Event Venues in London | The Ritz London Hotel,https://www.theritzlondon.com/plan-an-event/event-rooms/,...receptions and seats up to 60 guests for meetings.Individual <b>technology</b> arrangements can be tailor made to suit your requirements.The Marie Antoinette Suite is located off the hotel’s Long Galley...,"Mon, 27 Aug 2018 14:28:21 GMT",
http://twitter.com/StrangeHeart22/status/1034083799556976640,http://twitter.com/StrangeHeart22/status/1034083799556976640,,"Mon, 27 Aug 2018 14:22:44 GMT",
http://twitter.com/rgaventures/status/1034083705961308162,http://twitter.com/rgaventures/status/1034083705961308162,,"Mon, 27 Aug 2018 14:22:22 GMT",
http://twitter.com/Smartum_Pro/status/1034083502264864768,http://twitter.com/Smartum_Pro/status/1034083502264864768,,"Mon, 27 Aug 2018 14:21:33 GMT",
"In 2017, four US states generated more than 30% of their electricity...",https://arstechnica.com/information-technology/2018/08/in-2017-four-us-states-generated-more-than-30-of-their-electricity-from-wind/,"...DoE) released the 2017 Wind <b>Technology</b> Report (PDF), showing that wind energy had an extremely ... with each turn. And as turbine <b>technology</b> improves and gets cheaper to build, rotor diameters have...","Mon, 27 Aug 2018 14:20:59 GMT",
Stocks open higher as hope for trade deal with Mexico grows,https://www.washingtontimes.com/news/2018/aug/27/stocks-open-higher-as-hope-for-trade-deal-with-mex/,"...Monday morning, and gains for <b>technology</b> companies, banks and industrial firms have U.S. stocks on ... the market. That also included <b>technology</b> companies. Facebook picked up 1.5 percent to $177.25 and...","Mon, 27 Aug 2018 14:20:42 GMT",
Cat Lamp – Seletti,https://www.seletti.it/product-category/job-seletti/cat-lamp/,"...cm 46 x 12 h 20,7LED light <b>technology</b>0,06W X2 – 3300K Warm lightUSB rechargable ( charge time ... cm 46 x 12 h 20,7LED light <b>technology</b>0,06W X2 – 3300K Warm lightUSB rechargable ( charge time...","Mon, 27 Aug 2018 14:20:28 GMT",
http://twitter.com/TechSpective/status/1034082400693878785,http://twitter.com/TechSpective/status/1034082400693878785,,"Mon, 27 Aug 2018 14:17:11 GMT",
Microsoft's Xbox VR Headset Put On Hold - Report,https://uploadvr.com/microsofts-xbox-vr-headset-put-on-hold-report/,Plans for a release were apparently put on hold in order to wait for better <b>technology</b> that could deliver a much more immersive experience.Microsoft’s messaging around Xbox VR definitely seems to...,"Mon, 27 Aug 2018 14:16:20 GMT",
Gazprom And Russian Airline S7 Put Aircraft Fuelling on Blockchain in...,https://cointelegraph.com/news/gazprom-and-russian-airline-s7-put-aircraft-fuelling-on-blockchain-in-domestic-first,"...past two years, will now use the <b>technology</b> to increase efficiency of fuel delivery and payment, as ... Group CIO Pavel Voronin added:“<b>Technology</b> means transparency in reciprocal settlements is...","Mon, 27 Aug 2018 14:15:00 GMT",
http://twitter.com/WhatTheFFacts/status/1034081851369897989,http://twitter.com/WhatTheFFacts/status/1034081851369897989,,"Mon, 27 Aug 2018 14:15:00 GMT",
Kemenristekdikti Segera Tutup 1.000 Perguruan Tinggi,https://www.cendananews.com/2018/08/kemenristekdikti-segera-tutup-1-000-perguruan-tinggi.html,"...ujarnya, saat menghadiri International Conference On Smart Green <b>Technology</b> (ICSGT) di Malang, Senin (27/8/2018). Menurutnya, masyarakat Indonesia saat ini yang memiliki usia-usia kuliah, hanya 31...","Mon, 27 Aug 2018 14:13:40 GMT",
CalPERS CEO Marcie Frost's Misrepresentations Regarding Her Education...,https://www.nakedcapitalism.com/2018/08/calpers-ceo-marcie-frosts-misrepresentations-regarding-her-education-and-work-history-during-and-after-her-hiring.html,She worked for a year in information <b>technology</b> with the Washington State Employees Credit Union ... Implemented the first human resource <b>technology</b> systems for the State of Washington.Anyone over...,"Mon, 27 Aug 2018 14:11:42 GMT",
IDF pilot program: Nurses to join doctors behind enemy lines,https://www.jpost.com/Israel-News/IDF-pilot-program-Nurses-to-join-doctors-behind-enemy-lines-565902,"...senior IDF officer in the IDF <b>Technology</b> and Logistics Division, explaining that the military hopes ... professional.The IDF military’s <b>technology</b> and logistics branch is also improving medical...","Mon, 27 Aug 2018 14:10:43 GMT",
[Trailer] NES-Style 8-bit Game ‘Haunted: Halloween ’86’ Now Available...,https://bloody-disgusting.com/video-games/3517901/trailer-nes-style-8-bit-game-haunted-halloween-86-now-available-xbox-one/,...“ 86 has been upgraded in every way! You can utilize Tag Team <b>Technology</b> to swap between the two playable characters on the fly throughout the game to take advantage of their separate skills and...,"Mon, 27 Aug 2018 14:08:40 GMT",
Flying drones to be legal in India from December 1,https://www.businesstoday.in/sectors/aviation/flying-drones-to-be-legal-in-india-from-december-1/story/281690.html,"...Aviation.The Ministry of Civil Aviation said that drones are a <b>technology</b> platform that has wide-ranging applications from photography to agriculture, from infrastructure asset maintenance to...","Mon, 27 Aug 2018 14:08:12 GMT",
True Detective Looks to Rediscover Its Mojo in Its First Trailer for...,https://www.adweek.com/tv-video/true-detective-looks-to-rediscover-its-mojo-in-its-first-trailer-for-season-3/,"it/2MwBFD0Jason Lynch@jasonlynchJason Lynch is Adweek&#39;s TV/Media Editor, overseeing trends, <b>technology</b>, personalities and programming across broadcast, cable and streaming video. Formerly TV...","Mon, 27 Aug 2018 14:06:34 GMT",
Electric shock collars for pets to be banned,https://www.bbc.com/news/uk-england-45320038,"...by banning a proven <b>technology</b>,&quot; he said.&quot;The hundreds of thousands...","Mon, 27 Aug 2018 14:05:19 GMT",
http://twitter.com/TechCrunch/status/1034079083607482368,http://twitter.com/TechCrunch/status/1034079083607482368,,"Mon, 27 Aug 2018 14:04:00 GMT",
Workplace consulting firm Diverse City eyes L.A. expansion as founder...,https://www.geekwire.com/2018/workplace-consulting-firm-diverse-city-eyes-l-expansion-founder-shares-seattle-frustrations/,"”, taking place on Oct. 1-3, 2018 in Seattle, one of the country’s premier <b>technology</b> conferences, bringing together more than 900 innovators and tech leaders together for an immersive two-day...","Mon, 27 Aug 2018 14:02:02 GMT",
"Selling Everything, Moving to Asia, and Setting Up a Company",https://hackaday.com/2018/08/27/life-on-contract-moving-to-asia-and-setting-up-a-company/,"I used to consider networking events useless, and just worked hard for my existing clients and developed <b>technology</b> I thought I would need later. What I missed out on were more interesting projects...","Mon, 27 Aug 2018 14:01:02 GMT",
Recent editorials published in Iowa newspapers,https://www.washingtontimes.com/news/2018/aug/27/recent-editorials-published-in-iowa-newspapers/,"...preparation in STEM (science, <b>technology</b>, engineering and math) has been identified as a critical ... outstanding career opportunities in a <b>technology</b>-driven economy. These are Iowa jobs that pay well...","Mon, 27 Aug 2018 14:00:51 GMT",
http://twitter.com/JohnFMauldin/status/1034078086155915265,http://twitter.com/JohnFMauldin/status/1034078086155915265,,"Mon, 27 Aug 2018 14:00:02 GMT",
Top 7 things you need to know about Fortnite for Android,https://www.androidcentral.com/top-things-you-need-know-about-fortnite-android,"...mods to your phone, and Samsung and others developing docking <b>technology</b> for connecting a keyboard and mouse for a desktop experience, there&#39;s a ton of potential even beyond Bluetooth accessories...","Mon, 27 Aug 2018 14:00:01 GMT",
Nomad Slim Wallet with Tile Tracking review: Keep track of your wallet...,https://www.imore.com/nomad-slim-wallet-tile-tracking-review,"...<b>technology</b> accessories, a lot of companies focus on making gadgets look sleek like said <b>technology</b> ... <b>technology</b> accessories, a lot of companies focus on making gadgets look sleek like said <b>technology</b>...","Mon, 27 Aug 2018 14:00:01 GMT",
Game Day: Donut County – MacStories,https://www.macstories.net/reviews/game-day-donut-county/,"Esposito, who lives in Los Angeles, has said the story is an allegory for L.A.’s gentrification and how <b>technology</b> played a part in it. That may seem like a heavy message, but it works in the game...","Mon, 27 Aug 2018 14:00:00 GMT",
"It has the product, price and the performance, but Poco needs a tale",http://techpp.com/2018/08/27/poco-branding-positioning-opinion/,The reason? OnePlus had a rather different ace up its sleeve. One that had nothing to do with <b>technology</b> and very little to do with pricing either. It had a narrative. Or in simple English: it had...,"Mon, 27 Aug 2018 13:59:47 GMT",
Russia's Largest Airline Tests Blockchain in Bid to Track Fuel...,https://www.coindesk.com/russias-largest-airline-tests-blockchain-in-bid-to-track-fuel-payments/,"...statement. It added that as the <b>technology</b> has eliminated &quot;a number of manual operations,&quot; the ... S7&#39;s deputy head for information <b>technology</b>, said in a statement.The trial represents S7&#39;s latest...","Mon, 27 Aug 2018 13:59:39 GMT",
Electric shock collars for pets to be banned,https://www.bbc.co.uk/news/uk-england-45320038,"...by banning a proven <b>technology</b>,&quot; he said.&quot;The hundreds of thousands...","Mon, 27 Aug 2018 13:59:00 GMT",
http://twitter.com/indianDevJourne/status/1034077819158945794,http://twitter.com/indianDevJourne/status/1034077819158945794,,"Mon, 27 Aug 2018 13:58:58 GMT",
"State, Amtrak say safety tech to be installed by deadline",https://www.washingtontimes.com/news/2018/aug/27/state-amtrak-say-safety-tech-to-be-installed-by-de/,"...they’re confident a new safety <b>technology</b> will be installed on the rail corridor between Seattle ... of the Dec. 31 deadline.The <b>technology</b>, known as positive train control, or PTC, was not...","Mon, 27 Aug 2018 13:58:30 GMT",
Major airlines accused of extending flight times to avoid payouts,https://www.secretflying.com/posts/major-airlines-accused-of-extending-flight-times-to-avoid-payouts/,"...minutes to scheduled flight times, despite improvements in aircraft <b>technology</b>.Researchers examined scheduled flight times for 125 routes operated by major airlines in 2009 and compared with the...","Mon, 27 Aug 2018 13:56:19 GMT",
http://twitter.com/ladies_african/status/1034076375156776961,http://twitter.com/ladies_african/status/1034076375156776961,,"Mon, 27 Aug 2018 13:53:14 GMT",
http://twitter.com/DavidRo19158533/status/1034076292365266944,http://twitter.com/DavidRo19158533/status/1034076292365266944,,"Mon, 27 Aug 2018 13:52:54 GMT",
Markets Right Now: Stocks open higher on Wall Street,https://www.washingtontimes.com/news/2018/aug/27/markets-right-now-stocks-open-higher-on-wall-stree/,"Stocks are opening broadly higher on Wall Street, extending the market’s gains from last week.<b>Technology</b> companies and banks were among the biggest winners in early trading Monday. Facebook rose...","Mon, 27 Aug 2018 13:52:02 GMT",
"Iran has control of Persian Gulf, Strait of Hormuz, Iranian Navy chief...",https://www.upi.com/Top_News/World-News/2018/08/27/Iran-has-control-of-Persian-Gulf-Strait-of-Hormuz-Iranian-Navy-chief-says/6701535376995/,"&quot;The capabilities of this force [the Iranian navy], in terms of <b>technology</b>, tactics and strategies, are up-to-date and geared to the advancement of technologies at the highest level,&quot; Jafari said...","Mon, 27 Aug 2018 13:51:34 GMT",
http://twitter.com/Butsay_/status/1034075824671084545,http://twitter.com/Butsay_/status/1034075824671084545,,"Mon, 27 Aug 2018 13:51:03 GMT",
18.04 - Freezes intempestifs,http://forum.ubuntu-fr.org/viewtopic.php?id=2029899,"...Default string) vendor: Gigabyte <b>Technology</b> Co., Ltd. version: Default string serial: Default ... B250M-D2V-CF vendor: Gigabyte <b>Technology</b> Co., Ltd. physical id: 0 version: x.x serial: Default...","Mon, 27 Aug 2018 13:51:00 GMT",
Palmer Luckey says Magic Leap is a ‘tragic heap’,https://www.cnbc.com/2018/08/27/palmer-luckey-says-magic-leap-is-a-tragic-heap.html,"&quot;Lucky also said that Magic Leap uses <b>technology</b> that Microsoft has been including in the ... and LED illumination, the same <b>technology</b> everyone else has been using for years, including...","Mon, 27 Aug 2018 13:47:47 GMT",
"Students, here are nine tips for balancing journalism with school (and...",https://www.poynter.org/news/students-here-are-nine-tips-balancing-journalism-school-and-rest-your-life,"...friends/coworkers had my back,” she said.Take time away from <b>technology</b>, too. Isabella Cueto, a reporter for The State in Columbia, South Carolina, suggests turning off iMessage on your laptop to...","Mon, 27 Aug 2018 13:46:42 GMT",
The 3 schools where women graduates are making more than men,https://www.cnbc.com/2018/08/27/study-schools-where-female-graduates-are-making-more-than-men.html,"...Clark University in Worcester, Massachusetts; Stevens Institute of <b>Technology</b> in Hoboken, New Jersey and Yale University in New Haven, Connecticut. At Clark, women alumni pull in a mean salary of...","Mon, 27 Aug 2018 13:45:00 GMT",
http://twitter.com/EUCYPRUS/status/1034073960349147152,http://twitter.com/EUCYPRUS/status/1034073960349147152,,"Mon, 27 Aug 2018 13:43:38 GMT",
"Forget projectors: Samsung, PVR join hands for LED screens in...",https://timesofindia.indiatimes.com/business/india-business/forget-projectors-samsung-pvr-join-hands-for-led-screens-in-multiplexes/articleshow/65565013.cms,"...costs.Samsung said that the LED <b>technology</b> for large screens is being rolled out in countries ... officials said, adding that the new <b>technology</b> offers picture quality in line with the clarity...","Mon, 27 Aug 2018 13:43:03 GMT",
Reserve Bank of India Quietly Opens Cryptocurrency Research Unit,https://www.financemagnates.com/cryptocurrency/news/reserve-bank-of-india-quietly-opens-cryptocurrency-research-unit/,Sources say that the unit could possibly draft rules for the supervision of new <b>technology</b> in the future.Eleborate Ponzi schemesThis could signal a turnaround in the Indian government’s view of...,"Mon, 27 Aug 2018 13:42:50 GMT",
10 reasons why you should introduce workplace apps,https://www.turbinehq.com/blog/introduce-workplace-apps,"...businesses begin to adopt cloud <b>technology</b>, many are also introducing Software as a Service (SaaS) ... forget, you can&#39;t just rely on the <b>technology</b>, you need to be a good manager , too) your team will...","Mon, 27 Aug 2018 13:39:24 GMT",
كورس تدريبى التحكم في التآكل في أنابيب الغاز الطبيعي | دورات البترول...,http://www.shababharb.com/vb/showthread.php?t=81658,...Pipe <b>technology</b> in the petroleum industry التكنولوجيا في الصناعات البترولية <b>Technology</b> in the ... المياه - متقدم Water Treatment <b>Technology</b> - Advanced اسيات تكرير النفط oil refining fundamentals...,"Mon, 27 Aug 2018 13:39:00 GMT",
Industry body representing Google and others actively lobbying for...,https://9to5google.com/2018/08/27/federal-privacy-law/,"...president of a leading tech industry lobbying group, the Information <b>Technology</b> Industry Council, which is working on proposals for the federal law. “The best way is to work toward developing our own...","Mon, 27 Aug 2018 13:38:57 GMT",
"New Russia Sanctions, Putin’s Economy, and the Shadow Over Planned...",https://www.justsecurity.org/60454/russia-sanctions-putins-economy-shadow-planned-u-s-russia-business-group/,"...compliance bill and another to ban imports of essential medications and <b>technology</b>, and employment of U.S. citizens in Russia. Dmitry Kostin, the president of state-owned VTB Bank who was sanctioned...","Mon, 27 Aug 2018 13:38:14 GMT",
New US Sanctions Won't Keep Russia From Defending Its National...,https://sputniknews.com/world/201808271067505829-us-russia-sanctions/,...and prohibited exports of national security-sensitive goods and <b>technology</b>.,"Mon, 27 Aug 2018 13:36:38 GMT",
I Trained Like a Strongman for Four Months. Here’s What Happened,https://www.muscleandfitness.com/strongman,"Out of the gym, Triana implemented a series of guidelines I was to follow:No <b>technology</b> 30 minutes before bed (this one was tough. I love me a YouTube rabbit hole.) Get at least eight hours of...","Mon, 27 Aug 2018 13:36:13 GMT",
http://twitter.com/universityicons/status/1034071547932225536,http://twitter.com/universityicons/status/1034071547932225536,,"Mon, 27 Aug 2018 13:34:03 GMT",
distrust of online shopping floors,http://www.chryslerclub.su/forum/viewtopic.php?f=30&t=101917,"...departments of science and <b>technology</b> such as Dongguan City and Changping Town. After the completion of the Forest Science and <b>Technology</b> Fulin <b>Technology</b> R&amp;D Center,real wood floors vintage loft it...","Mon, 27 Aug 2018 13:34:00 GMT",
Internet groups urge US court to reinstate 'net neutrality' rules,https://www.rawstory.com/2018/08/internet-groups-urge-us-court-reinstate-net-neutrality-rules/,"...including Mozilla Corp, Vimeo Inc, Etsy Inc, and numerous media and <b>technology</b> advocacy groups.Others have told the court they plan to back the effort to reverse the net neutrality repeal...","Mon, 27 Aug 2018 13:34:00 GMT",
Do you think technology will ever reach a point...,https://www.thestudentroom.co.uk/showthread.php?t=5548462,...where attachments on TSR work properly?,"Mon, 27 Aug 2018 13:33:28 GMT",
Microsoft Smart Batteries Could Transform Surface Battery Performance,https://winbuzzer.com/2018/08/27/microsoft-smart-batteries-could-transform-surface-battery-performance-xcxwbn/,Batteries are an area of consumer <b>technology</b> where companies should be ultra-competitive. While ... significant breakthrough in battery <b>technology</b> is surely onto a winner. It is worth remembering...,"Mon, 27 Aug 2018 13:31:15 GMT",
Industry body representing Apple and others actively lobbying for...,https://9to5mac.com/2018/08/27/federal-privacy-law/,"...group, the Information <b>Technology</b> Industry Council, which is working...","Mon, 27 Aug 2018 13:30:53 GMT",
http://twitter.com/PetroteqEnergy/status/1034070693569339392,http://twitter.com/PetroteqEnergy/status/1034070693569339392,,"Mon, 27 Aug 2018 13:30:40 GMT",
http://twitter.com/Infosys/status/1034070648950276098,http://twitter.com/Infosys/status/1034070648950276098,,"Mon, 27 Aug 2018 13:30:29 GMT",
http://twitter.com/ecloudchain/status/1034070600065732609,http://twitter.com/ecloudchain/status/1034070600065732609,,"Mon, 27 Aug 2018 13:30:17 GMT",
http://twitter.com/thedailybeast/status/1034070558953164800,http://twitter.com/thedailybeast/status/1034070558953164800,,"Mon, 27 Aug 2018 13:30:08 GMT",
http://twitter.com/FirstNet/status/1034070551650885632,http://twitter.com/FirstNet/status/1034070551650885632,,"Mon, 27 Aug 2018 13:30:06 GMT",
Where does DevOps start? Not where you think,https://www.techrepublic.com/article/where-does-devops-start-not-where-you-think/,"...stage, said Andi Mann, chief <b>technology</b> advocate at Splunk, a sponsor of this year&#39;s ... Portland, Oregon, covering business <b>technology</b> for ZDNet. She previously covered politics for...","Mon, 27 Aug 2018 13:30:00 GMT",
http://twitter.com/iLeadersSummit/status/1034068830925008897,http://twitter.com/iLeadersSummit/status/1034068830925008897,,"Mon, 27 Aug 2018 13:23:16 GMT",
http://twitter.com/JohnNosta/status/1034066672615911426,http://twitter.com/JohnNosta/status/1034066672615911426,,"Mon, 27 Aug 2018 13:14:41 GMT",
Dr Mahathir to Revive Cyberjaya and Multimedia Super Corridor,https://sgtalk.org/mybb/Thread-Dr-Mahathir-to-Revive-Cyberjaya-and-Multimedia-Super-Corridor,"...Government the government would revive Cyberjaya to be more focused on <b>technology</b>-based industries, adding that there could be a second wave of development in the Multimedia Super Corridor, driven by...","Mon, 27 Aug 2018 13:14:29 GMT",
Trump Moves to Open 1.6 Million Acres of California Public Lands to...,https://www.globalresearch.ca/trump-moves-to-open-1-6-million-acres-of-california-public-lands-to-fracking/5651979,"The later risk is increased in California, a 2015 report from the California Council on Science and <b>Technology</b> found, because fracking in the state happens in areas with shallow depths close to...","Mon, 27 Aug 2018 13:10:10 GMT",
"Myanmar generals had 'genocidal intent' against Rohingya, must face...",https://www.reuters.com/article/us-myanmar-rohingya-un/myanmar-generals-had-genocidal-intent-against-rohingya-must-face-justice-un-idUSKCN1LC0KN,"While we were too slow to act, we’re now making progress – with better <b>technology</b> to identify hate speech, improved reporting tools, and more people to review content.”Facebook had acknowledged in...","Mon, 27 Aug 2018 13:09:30 GMT",
Are brands approaching a crisis in authenticity?,https://martechtoday.com/are-brands-approaching-a-crisis-in-authenticity-223296,"...insights of where marketing, <b>technology</b>, and management converge.Google has demonstrated how its... ”Barry Levine covers marketing <b>technology</b> for Third Door Media. Previously, he covered this space...","Mon, 27 Aug 2018 13:09:15 GMT",
Waymo is getting a pathway into China,https://www.businessinsider.com/waymo-huimo-business-consulting-shanghai-2018-8,"Waymo, Alphabet&#39;s self-driving <b>technology</b> spin-off, established a subsidiary in Shanghai back in ... and development of self-driving <b>technology</b> components.&quot; But more importantly, Huimo opens the door...","Mon, 27 Aug 2018 13:08:07 GMT",
http://twitter.com/CenturyLink/status/1034063269672247296,http://twitter.com/CenturyLink/status/1034063269672247296,,"Mon, 27 Aug 2018 13:01:10 GMT",
A roundup of recent Michigan newspaper editorials,https://www.washingtontimes.com/news/2018/aug/27/a-roundup-of-recent-michigan-newspaper-editorials/,"...broadband, high speed internet to all of the state of Michigan.“As <b>technology</b> continues to rapidly change and evolve, having access to fast, reliable internet is now a necessity for everyday life,”...","Mon, 27 Aug 2018 13:00:53 GMT",
New patent suggests that Microsoft might be working smart batteries...,https://mspoweruser.com/new-patent-suggests-that-microsoft-might-be-working-smart-batteries-for-surface-devices/,"Since there is no other evidence of the <b>technology</b> apart from the patent, it’s safe to say that ... Microsoft starts implementing the <b>technology</b> into the Surface...","Mon, 27 Aug 2018 13:00:21 GMT",
Grow Your Makerspace: Technology Tailgating,https://makezine.com/2018/08/27/grow-your-makerspace-technology-tailgating/,"...the fun? Here’s how to add some <b>technology</b> to the event for some unique maker dinner fun and raise ... into friends and if you add a <b>technology</b> component, will create a lasting memory and will help...","Mon, 27 Aug 2018 13:00:03 GMT",
The Entrepreneur Behind This Popular Travel Brand Shares How to Keep...,https://www.entrepreneur.com/article/319021,"Jen RubioNina ZipkinEntrepreneur StaffStaff Writer. Covers leadership, media, <b>technology</b> and culture.August 27, 2018Editor’s Note: Inspire Me is a series in which entrepreneurs and...","Mon, 27 Aug 2018 13:00:00 GMT",
Information Technology,https://www.thestudentroom.co.uk/showthread.php?t=5548372,What is IT,"Mon, 27 Aug 2018 12:56:55 GMT",
http://twitter.com/sggt_uk/status/1034060937253322752,http://twitter.com/sggt_uk/status/1034060937253322752,,"Mon, 27 Aug 2018 12:51:54 GMT",
http://twitter.com/bitmari_/status/1034060851744002049,http://twitter.com/bitmari_/status/1034060851744002049,,"Mon, 27 Aug 2018 12:51:33 GMT",
[Infographic] Top Tech for School Buses,https://elearningfeeds.com/infographic-top-tech-for-school-buses/,"...focusing on first?With so much <b>technology</b> now available such as telematics, cameras inside and ... Kajeet wanted to know the latest <b>technology</b> bus...","Mon, 27 Aug 2018 12:51:01 GMT",
http://twitter.com/SA_Heroes/status/1034060289841479682,http://twitter.com/SA_Heroes/status/1034060289841479682,,"Mon, 27 Aug 2018 12:49:19 GMT",
http://twitter.com/ManuelPadillaJr/status/1034059290875703299,http://twitter.com/ManuelPadillaJr/status/1034059290875703299,,"Mon, 27 Aug 2018 12:45:21 GMT",
BirdsiVideo Hosts Drone Seminar with University of North Carolina,https://www.suasnews.com/2018/08/birdsivideo-hosts-drone-seminar-with-university-of-north-carolina/,"BirdsiVideo ( www.birdsivideo.com ) hosted an educational seminar on drone <b>technology</b> with the Raleigh Read-and-Go program and Center for Design Innovation of Winston-Salem on July 11, 2018. Roger...","Mon, 27 Aug 2018 12:42:37 GMT",
Family tackles widow over husband’s death • She killed him with hot...,http://allforums.com.ng/showthread.php?tid=206844,"...of Mr Adeyinka Olusa, a former auditor at the School of Health <b>Technology</b>, Akure, Ondo State, have been in the morgue of the University College Hospital, Ibadan, Oyo State, for about eight months...","Mon, 27 Aug 2018 12:40:11 GMT",
Institute of Wood Research,http://www.forum.ustron.pl/viewtopic.php?f=2&t=8668,...China Forestry Science Research Institute--Linlin Institute Fulin <b>Technology</b> R&amp;D Center was established...,"Mon, 27 Aug 2018 12:40:00 GMT",
Blood cancer patients benefit from breakthrough genetic testing...,https://medicalxpress.com/news/2018-08-blood-cancer-patients-benefit-breakthrough.html,Cutting-edge DNA sequencing <b>technology</b> has been used by QUT researchers at the new Australian ... state.&quot;Queensland University of <b>Technology</b>,"Mon, 27 Aug 2018 12:39:16 GMT",
http://twitter.com/ISCEBS/status/1034057175134547968,http://twitter.com/ISCEBS/status/1034057175134547968,,"Mon, 27 Aug 2018 12:36:57 GMT",
The idea of United States of South India is a dangerous one,https://rightlog.in/2018/08/south-india-01/,"People from some region could be good in <b>technology</b>, some other good for defense, some could be... The Jewish people who virtually rule media and <b>technology</b> industry of United States are second or...","Mon, 27 Aug 2018 12:36:29 GMT",
No solid agreement reached over demand for amnesty for #feesmustfall...,https://www.dailymaverick.co.za/article/2018-08-27-no-solid-agreement-reached-over-demand-for-amnesty-for-feesmustfall-activists/,"...activistsJustice Minister Michael Masutha and a Durban University of <b>Technology</b> graduate, Bonginkosi Khanyile were both present at a press briefing on Monday morning, though Khanyile refused to...","Mon, 27 Aug 2018 12:33:45 GMT",
5 Steps to Creating Personalized Content Experiences for ABM,https://blog.marketo.com/2018/08/5-steps-to-creating-personalized-content-experiences-for-abm.html,"...they have, their location, sector, and industry Technographics: <b>Technology</b> the account uses, and their level of technological maturity Sociographics: The account’s business challenges and their...","Mon, 27 Aug 2018 12:30:35 GMT",
http://twitter.com/wsp/status/1034055430174138368,http://twitter.com/wsp/status/1034055430174138368,,"Mon, 27 Aug 2018 12:30:01 GMT",
الأساليب الحديثة في إدارة الموارد البشرية في العصر الحديث,http://www.saloonati.com/vb/showthread.php?t=84857,...دورة: إدارة تكنولوجيا الأداء البشرى وجودة العمل Human Performance <b>Technology</b> and the quality of work management دورة: تنظيم وإدارة القوى العاملة وتحليل الأعمال وجودة التدريب Organization and...,"Mon, 27 Aug 2018 12:30:00 GMT",
Password Management Remains an Issue — What's Next?,https://securityintelligence.com/password-management-remains-an-issue-whats-next/,"My specialties are cybersecurity and <b>technology</b>, which I&#39;ve covered on behalf of a variety of ... what industry doesn&#39;t rely on <b>technology</b> or require security systems?). Throughout the years I&#39;ve...","Mon, 27 Aug 2018 12:28:23 GMT",
Zuckerberg (not Mark) signs on to advise a major cryptocurrency...,https://thenextweb.com/hardfork/2018/08/27/zuckerberg-adviser-cryptocurrency-huobi/,"...provide expert opinions [on] Huobi’s public chain, from the basic <b>technology</b> of the blockchain to its industrial applications, commercial modeling, etc. It will also help during the Huobi Public...","Mon, 27 Aug 2018 12:18:35 GMT",
Scotland’s Independence Via 3 Phase Blockchain Roadmap,https://yesdayscotland.wordpress.com/2018/08/27/scotlands-independence-via-3-phase-blockchain-roadmap/,"...new global blockchain <b>technology</b>, familiarising Scotland with the...","Mon, 27 Aug 2018 12:16:19 GMT",
Ally Invest Introduces Diverse Set of Commission-Free Exchange-Traded...,https://media.ally.com/2018-08-27-Ally-Invest-Introduces-Diverse-Set-of-Commission-Free-Exchange-Traded-Funds,"...justice, environmental sustainability and alternative energy/clean <b>technology</b> efforts.&quot;Ally and WisdomTree share a similar philosophy of using innovation to deliver the very best value for...","Mon, 27 Aug 2018 12:15:12 GMT",
Bon plan : l’enceinte connectée Amazon Echo à -20%,https://www.begeek.fr/bon-plan-enceinte-connectee-amazon-echo-20-pourcent-277093,"...l’enceinte, grâce à la technologie en champ lointain (far field <b>technology</b> ) et à la réduction de bruit intégrée — ce qui permet également à l’enceinte de vous entendre même lorsqu’il y a de la...","Mon, 27 Aug 2018 12:15:08 GMT",
This Is The Tech Bubble We Have Been Ready For,http://www.thaipromoteweb.bid/index.php?topic=13900.0,"...expensive after the ICO. Advanced <b>technology</b> constructed for each ICO: new tokens, web sites, fee ... about $1.7 billion. Blockchain <b>technology</b> and cryptocurrencies have certainly paved away for the...","Mon, 27 Aug 2018 12:14:00 GMT",
ندوة تدريبية تخزين ونقل المنتجات النفطية,http://www.hrm-group.net/vb/showthread.php?150281-%D9%86%D8%AF%D9%88%D8%A9-%D8%AA%D8%AF%D8%B1%D9%8A%D8%A8%D9%8A%D8%A9-%D8%AA%D8%AE%D8%B2%D9%8A%D9%86-%D9%88%D9%86%D9%82%D9%84-%D8%A7%D9%84%D9%85%D9%86%D8%AA%D8%AC%D8%A7%D8%AA-%D8%A7%D9%84%D9%86%D9%81%D8%B7%D9%8A%D8%A9-%D8%AF%D9%88%D8%B1%D8%A7%D8%AA-%D8%A7%D9%84%D8%A8%D8%AA%D8%B1%D9%88%D9%84-%D8%A7%D9%84%D9%86%D9%81%D8%B7-%D9%88%D8%A7%D9%84%D8%BA%D8%A7%D8%B2,...Pipe <b>technology</b> in the petroleum industry التكنولوجيا في الصناعات البترولية <b>Technology</b> in the ... المياه - متقدم Water Treatment <b>Technology</b> - Advanced اسيات تكرير النفط oil refining fundamentals...,"Mon, 27 Aug 2018 12:14:00 GMT",
Lahvlann: Up the reek without a coddle | 26/07 two 18 so to speak,https://www.boards.ie/b/thread/2057895554/286#107909873,Monte said: This old rubbish - Europe needs them. Next week it will be news about how <b>technology</b> will leave hundreds of thousands redundant across Europe. Both lines of thought can&#39;t be right. We...,"Mon, 27 Aug 2018 12:11:00 GMT",
"MarTech Today: Dstillery’s new Dscover Maps, a blended ABM approach &...",https://martechtoday.com/martech-today-dstillerys-new-dscover-maps-a-blended-abm-approach-enterprise-customer-data-platforms-223302,"...<b>technology</b>, and management converge.Here’s our recap of what happened in marketing <b>technology</b> ... Barry Levine covers marketing <b>technology</b> for Third Door Media. Previously, he covered this space as...","Mon, 27 Aug 2018 12:09:48 GMT",
Ripple Confirms American Express is Testing xRapid Tech,https://theindependentrepublic.com/2018/08/27/interest-american-express-proof-ripple-future/,"...Express is poised to use the <b>technology</b>. Revealed by current CTO Stefan Thomas during a recent ... facilitate on-demand liquidity, the <b>technology</b> has shown that it’s able to facilitate real-time...","Mon, 27 Aug 2018 12:09:03 GMT",
Russian Trolls 'Spread Vaccine Misinformation' Online,https://www.bankinfosecurity.com/russian-trolls-spread-vaccine-misinformation-online-a-11421,"None of the contestants were able to completely automate their ability to identify which accounts were bots, MIT <b>Technology</b> Review reported.But SentiMetrix was able to use an algorithm that it...","Mon, 27 Aug 2018 12:02:44 GMT",
http://twitter.com/AgomCheche/status/1034044176701120512,http://twitter.com/AgomCheche/status/1034044176701120512,,"Mon, 27 Aug 2018 11:45:17 GMT",
http://twitter.com/bamitav/status/1034041861596434432,http://twitter.com/bamitav/status/1034041861596434432,,"Mon, 27 Aug 2018 11:36:06 GMT",
Hospitals spend big bucks on advertising. Here’s a look at the cost of...,https://www.fiercehealthcare.com/hospitals-health-systems/hospitals-spending-big-bucks-advertising-a-look-cost-8-ad-campaigns,"The healthcare sector remains in flux as policy, regulation, <b>technology</b> and trends shape the market. FierceHealthcare subscribers rely on our suite of newsletters as their must-read source for the...","Mon, 27 Aug 2018 11:35:00 GMT",
"...Оберон, препараты Growth Technology, Valagro-Плантафол, Осмокот...",http://www.flowersweb.info/forum/forum10/topic181940/messages/?PAGEN_1=9#message4830369,#177 27.08.2018 13:34:56 Куплю в среду 29.08 Плантафол 10:54:10 Удобрение с высоким содержанием фосфора для стимуляции цветений. Применяют для геснериевых в концентрации 1г на литр в нужный период...,"Mon, 27 Aug 2018 11:34:56 GMT",
Improved efficiency and stability of CQD solar cells using an organic...,https://phys.org/news/2018-08-efficiency-stability-cqd-solar-cells.html,"...conditions.Professor Lee said, &quot;This <b>technology</b> can be also applied to QD LEDs and Perovskite devices. I hope this <b>technology</b> can hasten the commercialization of CQD-based solar cells .&quot;Se-Woong...","Mon, 27 Aug 2018 11:31:07 GMT",
most flooring companies still need a process,http://www.forum.ustron.pl/viewtopic.php?f=2&t=8667,"build your own garden fence without With the continuous development of Internet <b>technology</b>, online shopping and online payment are gradually replacing the traditional retail methods of products at...","Mon, 27 Aug 2018 11:25:00 GMT",
http://twitter.com/RachelLagacectv/status/1034038974485024768,http://twitter.com/RachelLagacectv/status/1034038974485024768,,"Mon, 27 Aug 2018 11:24:37 GMT",
China Is Developing 'Electromagnetic Rocket' With Greater Fire Range,https://southfront.org/china-is-developing-electromagnetic-rocket-with-greater-fire-range/,"...scientist, who spoke to Science and <b>Technology</b> Daily. He said that “substantial progress” has been ... catapult launchers. The same <b>technology</b> is used to develop railguns. An electromagnetic railgun is...","Mon, 27 Aug 2018 11:17:21 GMT",
أساليب تخطيط الحملات الإعلانية والترويجية,http://aalomar.com/vb/showthread.php?t=17455,...relations and media using information <b>technology</b> دورة: إدارة الفعاليات والمؤتمرات Events and ... العلاقات العامة Use of information <b>technology</b> in support of public relations activities دورة...,"Mon, 27 Aug 2018 11:16:00 GMT",
أساليب الشراء المتقدمة وتقنيات حفظ الكلفة,http://aalomar.com/vb/showthread.php?t=17452,...inventory strategies to improve <b>technology</b> دورة: الإتجاهات الفنية المتقدمة فى إدارة المخازن والتحكم ... وإدارة منازعات عقود الشراء Process <b>technology</b> procurement and management of disputes procurement...,"Mon, 27 Aug 2018 11:08:00 GMT",
How to Create an Effective Content Marketing Strategy,https://marketinginsidergroup.com/content-marketing/how-to-create-an-effective-content-marketing-strategy/,"...production More sophisticated use of <b>technology</b> Better informed metrics And, more confidence – and... This means looking at your marketing <b>technology</b> to make sure you are capable of offering better...","Mon, 27 Aug 2018 11:05:18 GMT",
Why television (TV) news is dying a slow death in world of millennial,https://rightlog.in/2018/08/television-news-dying-millennial-01/,It will be interesting to see whether TV will be able to survive or will have to bend the knees in front of a new <b>technology</b> just like previous mediums of mass...,"Mon, 27 Aug 2018 11:02:00 GMT",
Bitcoin Peddlers Impersonates Maltese Prime Minister on Instagram,https://news.bitzamp.com/bitcoin-peddlers-impersonates-maltese-prime-minister-on-instagram/,"...proponent of crypto and blockchain <b>technology</b>, The prime ministerThe Malta Independent recently ... proponent of crypto and blockchain <b>technology</b> , The prime minister is seemingly a good choice for...","Mon, 27 Aug 2018 11:01:17 GMT",
Flutter vs. React Native — Everything You Need to Know,https://medium.com/flutterpub/flutter-vs-react-native-everything-you-need-to-know-1cbde3f95859,"...such as articles, videos, codes, podcasts etc. about this great <b>technology</b> to teach you how to build beautiful apps with it. You can find us on Facebook , Twitter , and Medium or learn more about us...","Mon, 27 Aug 2018 10:57:41 GMT",
تنمية مهشارات الإدراك والدخول الآمن إلى الأماكن الضيقة,http://aalomar.com/vb/showthread.php?t=17448,...البيئى Environmental systems and <b>technology</b> to control environmental pollution management دورة ... السلامة وتحليل المخاطر Modern <b>technology</b> in safety and risk analysis دورة: تقييم أداء مشرفي السلامة...,"Mon, 27 Aug 2018 10:50:00 GMT",
Russian Trolls 'Spread Vaccine Misinformation' Online,https://www.databreachtoday.com/russian-trolls-spread-vaccine-misinformation-online-a-11421,"...accounts were bots, MIT <b>Technology</b> Review reported.But SentiMetrix...","Mon, 27 Aug 2018 10:35:07 GMT",
Determining the Date of the Exodus,https://www.breakingisraelnews.com/112965/radiocarbon-study-date-biblical-exodus/,"...calibration method is ready for an improvement. Because now the <b>technology</b> is there to measure the radiocarbon in every single tree ring, and we’re just pulling out one treasure from the box — in...","Mon, 27 Aug 2018 10:35:03 GMT",
Many think crypto is dead. It is not.,https://bitcointalk.org/index.php?topic=4925257.140#msg44767415,"I&#39;m very much convinced within me that crypto is not dead. This <b>technology</b> has gone viral. So many countries of the world are becoming very much interested in it, transactions are done on a daily...","Mon, 27 Aug 2018 10:18:09 GMT",
http://twitter.com/RoseTheReyes/status/1034018978480435200,http://twitter.com/RoseTheReyes/status/1034018978480435200,,"Mon, 27 Aug 2018 10:05:10 GMT",
Jen Owen of Enablingthefuture.org Needs Your Stories and Support,https://3dprint.com/223478/jen-owen-of-enablingthefuture-org-needs-your-stories-and-support/,These hands work and are cost effective showcasing that 3D printing is not only an inspirational <b>technology</b> but also an affordable and practical one. Please support hardworking Jen and E-Nable if...,"Mon, 27 Aug 2018 09:53:49 GMT",
http://twitter.com/lifi_congress/status/1034015446251577344,http://twitter.com/lifi_congress/status/1034015446251577344,"Mon, 27 Aug 2018 09:51:08 GMT",,
Tesla communications Chief Sarah O'Brien is leaving,http://adage.com/article/cmo-strategy/tesla-communications-chief-sarah-o-brien-leaving/314723/,"It is also an exhausting one, as the company receives an enormous amount of attention from the automotive, financial, <b>technology</b> and mainstream press. Musk himself is the public face and voice of...","Mon, 27 Aug 2018 09:43:29 GMT",
http://twitter.com/BBCScienceNews/status/1034009554168815617,http://twitter.com/BBCScienceNews/status/1034009554168815617,,"Mon, 27 Aug 2018 09:27:43 GMT",
20 Free Courses on Design and Development,https://www.practicalecommerce.com/20-free-courses-design-development,"...from leading universities and <b>technology</b> experts. Here is a list of free courses to improve your... Instructional Design: Digital Media, New Tools and <b>Technology</b>. From the University of Maryland...","Mon, 27 Aug 2018 09:24:17 GMT",
http://twitter.com/catherinebuk/status/1034008110078328832,http://twitter.com/catherinebuk/status/1034008110078328832,,"Mon, 27 Aug 2018 09:21:59 GMT",
North Korea to Host its First-Ever International Crypto Conference...,https://thebitcointalk.net/index.php?topic=4964199.0,"...international conference focusing on cryptocurrencies and blockchain <b>technology</b> in October. According to Radio Free Asia, the event will be held in the hermit kingdom’s capital of Pyongyang and will...","Mon, 27 Aug 2018 09:14:30 GMT",
North Korea to Host its First-Ever International Crypto Conference...,https://bitcointalk.org/index.php?topic=4964199.0,"...international conference focusing on cryptocurrencies and blockchain <b>technology</b> in October. According to Radio Free Asia, the event will be held in the hermit kingdom’s capital of Pyongyang and will...","Mon, 27 Aug 2018 09:14:30 GMT",
North Korea to Host its First-Ever International Crypto Conference...,http://fonstavka.com/index.php?topic=4964199.0,"...international conference focusing on cryptocurrencies and blockchain <b>technology</b> in October. According to Radio Free Asia, the event will be held in the hermit kingdom’s capital of Pyongyang and will...","Mon, 27 Aug 2018 09:14:30 GMT",
Metro and Seattle promised electric trolleybuses on Madison RapidRide...,https://www.seattletimes.com/seattle-news/transportation/metro-and-seattle-promised-electric-trolleybuses-on-a-new-madison-rapidride-turns-out-that-wont-work/,"Local News Local Politics <b>Technology</b> Traffic Lab An uphill battle to get electric trolleybuses on Madison RapidRide routeOriginally published August 27, 2018 at...","Mon, 27 Aug 2018 09:00:00 GMT",
Ten Offensive Player of the Year auto space tv,http://autospace.tv/phpBB3/viewtopic.php?f=4&t=6190,"&quot;Our intent is to go to each team with tape and all the analysis work done (by the football operations, <b>technology</b> and medical staffs) and be able to present it to them,&quot; Goodell said, adding it...","Mon, 27 Aug 2018 08:45:00 GMT",
"Jerry Chan: You shouldn’t just be ideological, blockchain should be...",https://coingeek.com/jerry-chan-shouldnt-just-ideological-blockchain-profitable-video/,"...the coming years.Blockchain <b>technology</b> attracts its users and advocates for various reasons. A ... point where we can innovate, use <b>technology</b> to change the old systems and provide better systems...","Mon, 27 Aug 2018 08:38:17 GMT",
Spotify stock rises after Monness starts coverage with buy rating,https://www.marketwatch.com/story/spotify-stock-rises-after-monness-starts-coverage-with-buy-rating-2018-08-27,"Shares of Spotify <b>Technology</b> SA SPOT, are up 1.7% in Monday morning trading after Monness, Crespi, Hardt &amp; Co. analyst Brian White began coverage with a...","Mon, 27 Aug 2018 08:03:00 GMT",
Sandlådan • Visa tråd - Nike Air Max 270 Flyknit Trainer | White /...,http://lemonbird.se/phpBB3/viewtopic.php?f=28&t=4394,"En 1993, la chaussure était un grand pas en avant pour Nike Air <b>Technology</b>. Pour Air Max Day 2018 Nike Sportswear sera lancé à la Nike Air Max 270. Alors que nous aurons la chance d&#39;acheter...","Mon, 27 Aug 2018 07:57:00 GMT",
AMD Is All In On 7nm CPUs For Strategic Advantage On Intel’s 10nm...,https://hothardware.com/news/amd-all-in-7nm-cpus-strategic-advantage-intels-10nm-stumble,"No matter how you shake (or measure) it, though, 2019 is shaping up to be a very interesting year in CPU design and <b>technology</b> in...","Mon, 27 Aug 2018 07:52:00 GMT",
In this fast-paced commercial,http://www.reisezielforum.de/in-this-fast-paced-commercial-t14350.html,"...Davenport Limited Jersey , adorn and enhance their mobile devices. <b>Technology</b>, design and fashion aficionados have successfully created an extensive collection of mobile and tablet cases defined for...","Mon, 27 Aug 2018 07:44:00 GMT",
Microsoft reportedly shelved an Xbox VR headset,https://www.engadget.com/2018/08/27/report-microsoft-stopped-working-on-xbox-vr-headset/,"It makes sense that, considering Xbox sales are lagging behind the PS4&#39;s, the company wouldn&#39;t want to go all in on a <b>technology</b> that hasn&#39;t been overwhelmingly popular. Instead, the company is...","Mon, 27 Aug 2018 07:42:00 GMT",
Recreate Cinnamon on KDE technologies.,https://forums.linuxmint.com/viewtopic.php?f=29&t=276413,Plus I believe it fixes the mouse/window &#39;lag&#39; Mint exhibits. -Uses QT toolkit - okay it&#39;s another <b>technology</b> to learn but it&#39;s more stable than GTK and not so driven by the needs of a single...,"Mon, 27 Aug 2018 07:40:00 GMT",
Karabas's Journal: Part 2,https://forum.gamequitters.com/index.php?/topic/6695-karabass-journal-part-2/&page=2#comment-47691,"...had a pretty chilling revelation just now. I realized that my <b>technology</b>, content, etc addiction is at the root of something I&#39;ve been very worried about for some time now. What I&#39;ve been worried...","Mon, 27 Aug 2018 07:38:26 GMT",
Bloomberg Google Pixel 3 to launch on October 9th at NYC event (Ben...,https://www.techmeme.com/180827/p12,"...leeway over how personal information is handled — WASHINGTON — <b>Technology</b> companies have taken plenty of hits on privacy this year. In May, Europe began enforcing a sweeping …More: 9to5Mac...","Mon, 27 Aug 2018 07:38:00 GMT",
The Complexity of the “Cyber Security” Role — When 52 Becomes One,https://medium.com/asecuritysite-when-bob-met-alice/the-complexity-of-the-cyber-security-role-when-52-becomes-one-c4da2a6838cd,Risk Management (RSK); Software Development (DEV); Systems Architecture (ARC); <b>Technology</b> R&amp;D (TRD); Systems Requirements Planning (SRP); Test and Evaluation (TST) Operate and Maintain (OM) . Data...,"Mon, 27 Aug 2018 07:34:18 GMT",
Russian Trolls 'Spread Vaccine Misinformation' Online,https://www.inforisktoday.com/russian-trolls-spread-vaccine-misinformation-online-a-11421,"...accounts were bots, MIT <b>Technology</b> Review reported.But SentiMetrix...","Mon, 27 Aug 2018 07:29:44 GMT",
Gamaprintpro,http://flame-guards.com/forum/viewtopic.php?f=14&t=159436,1 Win64 ANSYS.PRODUCTS.v16.1.WINX64LINUX64 Applied Flow <b>Technology</b> Arrow v5.0.1111 Applied Flow <b>Technology</b> Mercury v7.0 Applied Flow <b>Technology</b> Titan v4.0...,"Mon, 27 Aug 2018 07:12:00 GMT",
AMD announces dual-GPU Radeon Pro V340 with 32GB of HBM2,https://www.techspot.com/community/topics/amd-announces-dual-gpu-radeon-pro-v340-with-32gb-of-hbm2.248700/,...benefit from true GPU virtualization. AMD has enabled its own MxGPU <b>Technology</b> for GPU virtualization so that high performance cloud computing is possible without having to pay royalties or licensing...,"Mon, 27 Aug 2018 07:03:00 GMT",
"Cleveland's Leaders are ""Old and Not Smart"" and Other Weaknesses of...",https://www.clevescene.com/scene-and-heard/archives/2018/08/27/clevelands-leaders-are-old-and-not-smart-and-other-weaknesses-of-our-civic-culture,"...posed and vote on the answers anonymously and in real-time.The <b>technology</b>&#39;s strengths include providing tons of immediate data, and allowing people in multiple locations to participate. Its...","Mon, 27 Aug 2018 07:02:00 GMT",
http://twitter.com/Blockshipping/status/1033972435723472896,http://twitter.com/Blockshipping/status/1033972435723472896,,"Mon, 27 Aug 2018 07:00:13 GMT",
Bad Android apps: How can Google's new detection model help?,https://searchsecurity.techtarget.com/answer/Bad-Android-apps-How-can-Googles-new-detection-model-help,"...system, which is based on the Linux kernel, is largely open source <b>technology</b> that runs on proprietary devices.Google initially used basic checks to ensure that the apps populated by the Google...","Mon, 27 Aug 2018 07:00:00 GMT",
http://twitter.com/CNBC/status/1033968101652606976,http://twitter.com/CNBC/status/1033968101652606976,,"Mon, 27 Aug 2018 06:43:00 GMT",
Blockchain Company Skycoin Announces Release Date of Android Mobile...,https://nulltx.com/blockchain-company-skycoin-announces-release-date-of-android-mobile-wallet/,"...node action. Fiber – Skycoin’s Fiber network is the underlying <b>technology</b> for a customizable and infinitely scalable network. Creating a low cost fee for transactions, higher quality in speed and...","Mon, 27 Aug 2018 06:30:40 GMT",
Stevie Awards Honors Cisco Collaboration Team,https://blogs.cisco.com/collaboration/stevie-awards-cisco-collaboration,...future leaders.The campaign highlights our commitment to creating <b>technology</b> that fits seamlessly and transparently into the human experience of communication. We believe creating intuitive ways to...,"Mon, 27 Aug 2018 06:04:44 GMT",
Alibaba Combines Blockchain with Cloud Computing,https://btcmanager.com/alibaba-combines-blockchain-with-cloud-computing/,"...incorporation of open ledger <b>technology</b> further by launching a blockchain service through its cloud... Combined with cloud computing, blockchain <b>technology</b> has the potential to push productivity and...","Mon, 27 Aug 2018 06:00:03 GMT",
"comfort, traction, as well as speed.",http://czasnazysk.pl/forum/viewtopic.php?f=7&t=22884,...freedom is evident. The PureMotion <b>technology</b> while in the outsole aids the move from jumping to ... generally will depend on PureMotion <b>technology</b>. The shoe&#39;s grip www.vinatrend.com/adidas-campus is...,"Mon, 27 Aug 2018 05:27:00 GMT",
influence of indian tv channels essay sample - Panzehir TV Sosyal,https://sosyal.panzehir.tv/showthread.php?tid=23388,...education education essay replaced by network switches information <b>technology</b> essay CLICK HERE questions on cross cultural business environments chiropractic work the safe choice essay reference...,"Mon, 27 Aug 2018 05:18:00 GMT",
Amazon opens its second Amazon Go convenience store,https://techcrunch.com/2018/08/27/amazon-opens-its-second-amazon-go-convenience-store/,"...the same as the first, from a <b>technology</b> perspective.The Go store’s system includes a number of ... competitors who want to bring similar <b>technology</b> to Amazon’s rivals and other retailers. But some...","Mon, 27 Aug 2018 05:01:36 GMT",
Kairos’ Brian Brackeen to show off facial recognition tech at Disrupt...,https://techcrunch.com/2018/08/27/kairos-brian-brackeen-to-show-off-facial-recognition-tech-at-disrupt-sf/,"That’s why Brackeen has decided that Kairos facial recognition <b>technology</b> won’t be used by any government entities or law enforcement.However, Kairos has been working to help banks and other...","Mon, 27 Aug 2018 04:36:02 GMT",
"'Game of Thrones,' 'Big Bang Theory' and 14 More TV Shows Ending in...",https://www.hollywoodreporter.com/live-feed/game-thrones-big-bang-theory-14-more-tv-shows-ending-2019-1137377,"...characters as they fumble through the modern maze of love, sex, <b>technology</b> and culture. Swanberg is considered one of a handful of writer-directors most associated with mumblecore, which is a style...","Mon, 27 Aug 2018 04:15:00 GMT",
http://twitter.com/Nathealings/status/1033924275684749312,http://twitter.com/Nathealings/status/1033924275684749312,,"Mon, 27 Aug 2018 03:48:51 GMT",
Trump rejected plans for a White House statement praising McCain,http://www.reddit.com/r/politics/comments/9ajyz6/trump_rejected_plans_for_a_white_house_statement/e4wd6i9,"Part of the fear of going against the United States in a war is going up against our military apparatus. Our <b>technology</b>. Submarines, aircraft carriers, fighter and bomber jets, etc... And the...","Mon, 27 Aug 2018 03:39:06 GMT",
Same boat with and without gyroscopic stabilizer,http://www.reddit.com/r/gifs/comments/9ajkoz/same_boat_with_and_without_gyroscopic_stabilizer/e4wcstk,"Short answer is this: gyros are just one of several ways to stabilize a boat, and they are a newer <b>technology</b>. Currently, the most widely-used method of active stabilization is hydraulic fins...","Mon, 27 Aug 2018 03:31:37 GMT",
http://twitter.com/JohnRDallasJr/status/1033919672628994048,http://twitter.com/JohnRDallasJr/status/1033919672628994048,,"Mon, 27 Aug 2018 03:30:33 GMT",
...actively pursuing this technology or were there other factors...,http://www.reddit.com/r/history/comments/9ajm96/how_is_it_that_wwii_germany_didnt_develop_nuclear/e4wcqbg,There’s a really good book called “sabotage” by Neal bascomb is basic but it explains the heavy water plant raids in interesting detail.,"Mon, 27 Aug 2018 03:30:16 GMT",
"Apple Car Will Beat Others With Stunning Augmented Reality, Report...",http://www.reddit.com/r/Futurology/comments/97jrkz/apple_car_will_beat_others_with_stunning/e4wcfo5,"...products being introduced YoY, as was possible in the early days of <b>technology</b>. They’ve had numerous fantastic iterative products since 2007 easily, which is was the entire industry is working on...","Mon, 27 Aug 2018 03:24:30 GMT",
...promising you free technology if you “test” stuff and cover the...,http://www.reddit.com/r/australia/comments/9alhj6/psa_if_you_receive_a_text_message_like_this_its_a/e4wcc02,Got the same message a while ago. There is many different variations getting around. Woolworths in another popular one. It&#39;s so fucked how many unassuming older people will get these messages and get...,"Mon, 27 Aug 2018 03:22:31 GMT",
Uncommon 0.3mm lead hardness beyond 2B,http://www.reddit.com/r/mechanicalpencils/comments/9ago1c/uncommon_03mm_lead_hardness_beyond_2b/e4wc94c,"3mm was not available if I recall correctly. Only in recent years, with more refined lead <b>technology</b>, this lead hardness became available. But this not explain that there is no 3B or 4B for 0.7mm or...","Mon, 27 Aug 2018 03:20:59 GMT",
'Rain dancing 2.0': should humans be using tech to control the...,http://www.reddit.com/r/Futurology/comments/9aeszw/rain_dancing_20_should_humans_be_using_tech_to/e4wc7g4,"No. Because you can&#39;t control what others do with the <b>technology</b>. *Everything is connected, dummies.* See: China &amp;amp; Tibet, referenced elsewhere here.","Mon, 27 Aug 2018 03:20:06 GMT",
ELI5: How does the internet work so insanely fast?,http://www.reddit.com/r/explainlikeimfive/comments/9aeptg/eli5_how_does_the_internet_work_so_insanely_fast/e4wc465,"I&#39;ve never ceased to be amazed by the speed and efficiency of data transfer, and how the <b>technology</b> is improving so...","Mon, 27 Aug 2018 03:18:21 GMT",
LEAKED- Government technology,http://www.reddit.com/r/raimimemes/comments/9aia7c/leaked_government_technology/e4wbwcj,I had this,"Mon, 27 Aug 2018 03:14:10 GMT",
Something to appreciate about Bitcoin Cash,http://www.reddit.com/r/btc/comments/9akmku/something_to_appreciate_about_bitcoin_cash/e4wbstn,"The future is still optimistic about bit cash, I hope to improve it with the advancement of <b>technology</b>.","Mon, 27 Aug 2018 03:12:19 GMT",
Sticky translocator,http://www.reddit.com/r/SombraMains/comments/99q0p7/sticky_translocator/e4wbolm,"She stole her warping <b>technology</b>, has a pulse ultimate, and flanks!","Mon, 27 Aug 2018 03:10:08 GMT",
Turnbull's tech legacy: the MTM (Malcolm-technology mix) NBN,http://www.reddit.com/r/australia/comments/9alb0k/turnbulls_tech_legacy_the_mtm_malcolmtechnology/e4wbnyz,Should be called the Malcolm Turnbull Mess &amp;amp;#x200B;,"Mon, 27 Aug 2018 03:09:49 GMT",
"Lisk Daily Discussion - August 27, 2018",http://www.reddit.com/r/Lisk/comments/9alini/lisk_daily_discussion_august_27_2018/e4wbk3c,"...an introduction to blockchain <b>technology</b>, an introduction to the Lisk Blockchain Application ... focussed and zeroed in on the <b>technology</b> right now, and although that is not sexy at present to...","Mon, 27 Aug 2018 03:07:46 GMT",
Cyberpunk 2077 Is Now Playable Start To Finish,http://www.reddit.com/r/pcgaming/comments/99qcth/cyberpunk_2077_is_now_playable_start_to_finish/e4wbd4v,"I&#39;m only talking about a brand new <b>technology</b> announced by another company, not the game itself. Games are in development for many years before they are ever announced to the public.","Mon, 27 Aug 2018 03:04:04 GMT",
http://twitter.com/mjohnson/status/1033911382456946688,http://twitter.com/mjohnson/status/1033911382456946688,,"Mon, 27 Aug 2018 02:57:37 GMT",
"In Encounter at Farpoint, Wesley falls into a creek in the holodeck...",http://www.reddit.com/r/DaystromInstitute/comments/9akh0q/in_encounter_at_farpoint_wesley_falls_into_a/e4wasqx,...something about the holodeck&#39;s underlying <b>technology</b> changed that limited the ability of objects to exit it. Exactly *how* the <b>technology</b> changed in such a way that allowed improved hologram AI but...,"Mon, 27 Aug 2018 02:53:31 GMT",
China is financially behind the South African Land Appropriation of...,http://www.reddit.com/r/geopolitics/comments/9al2fa/china_is_financially_behind_the_south_african/e4waoxu,...agreements that aimed at facilitating the exchange of experts and <b>technology</b> between the two countries. Exchange experts means driving the white farmers off their land? Where is your evidence to the...,"Mon, 27 Aug 2018 02:51:31 GMT",
"...players created a new technology and now they want to sell it, I'm...",http://www.reddit.com/r/rpg/comments/9ahh0a/my_players_created_a_new_technology_and_now_they/e4waopa,"If you are playing stars without number. At this point if that&#39;s what they want, have them make a faction for corp their corp.","Mon, 27 Aug 2018 02:51:24 GMT",
WestHamOnline.net - WHO The Online West Ham Community,http://www.westhamonline.net/forum_flat.php?9086559%7C%7C1%7C%7C#post-229bc260832f290116c0112447ac3c10,"True, Alf. What have men ever done for us? Apart from antibiotics, mass transportation, almost all <b>technology</b>, most of the best literature...","Mon, 27 Aug 2018 02:44:00 GMT",
http://twitter.com/bamitav/status/1033891962988900354,http://twitter.com/bamitav/status/1033891962988900354,,"Mon, 27 Aug 2018 01:40:27 GMT",
No DRS Threatens to Undermine CPL18,https://mostlycricket.wordpress.com/2018/08/27/no-drs-threatens-to-undermine-cpl18/,"...whisking available <b>technology</b> aside, on this, one of the biggest T20... Were these not the reasons for this <b>technology</b>-development, to...","Mon, 27 Aug 2018 01:33:35 GMT",
New Topic,http://myy.at/index.php?topic=181496.639225#msg_2082607_extra_info,"After the condo he listed on Airbnb in New York was used for an orgy, Ari Teman came up with the idea for a <b>technology</b> that can assist landlords catch illegal sublets. The primary sister company...","Sun, 26 Aug 2018 23:06:16 GMT",
http://twitter.com/ahmedjr_16/status/1033847867620843521,http://twitter.com/ahmedjr_16/status/1033847867620843521,,"Sun, 26 Aug 2018 22:45:14 GMT",
Ubex Launches Asia Roadshow in China,https://medium.com/ubex/ubex-launches-asia-roadshow-in-china-3a4b10fb2cc0,...campaign at the BLC Blockchain <b>Technology</b> Summit 2018 in Shanghai by presenting the platform on one ... platform.The BLC Blockchain <b>Technology</b> Summit 2018 in Shanghai on the 24–25 of August was the...,"Sun, 26 Aug 2018 20:54:04 GMT",
Omarosa Manigault Newman,https://en.wikipedia.org/wiki/Omarosa_Manigault_Newman,"Cheryl Shavers , who then served as the Commerce Department&#39;s Undersecretary for <b>Technology</b> Administration, said that Omarosa was &quot;unqualified and disruptive,&quot; adding, &quot;I had her removed.&quot;Reality...","Sun, 26 Aug 2018 19:32:00 GMT",
http://twitter.com/WadeOnTweets/status/1033746043719036934,http://twitter.com/WadeOnTweets/status/1033746043719036934,,"Sun, 26 Aug 2018 16:00:37 GMT",
Meet the Speakers—Political Economy of Capitalism,https://medium.com/@laurene.tran/meet-the-speakers-political-economy-of-capitalism-9877c9ace98b,"...development and growth. We look at how economic actors, policies, <b>technology</b> and market conditions interact and evolve over time. We provide a platform to create professional and academic networks...","Sun, 26 Aug 2018 15:29:31 GMT",
http://twitter.com/DashForceNews/status/1033729376913948672,http://twitter.com/DashForceNews/status/1033729376913948672,,"Sun, 26 Aug 2018 14:54:23 GMT",
Vodacom Launches Commercial 5G service in Lesotho,http://4g5gworld.com/news/vodacom-launches-commercial-5g-service-lesotho,"The immediate benefit of 5G <b>technology</b> for Vodacom subscribers in Lesotho includes the quicker ... of the same standards-based 5G <b>technology</b> in South Africa, with speeds in excess of 700 Mbps and...","Sun, 26 Aug 2018 13:51:08 GMT",
Why do you invest in Crypto?,https://bitcointalk.org/index.php?topic=3327279.3020#subject_44696884,"The main thing is to be able to maneuver them, draw conclusions and learn the main lesson. And so I believe in this <b>technology</b>. I believe that it will change the world for the...","Sun, 26 Aug 2018 07:20:37 GMT",
http://twitter.com/seth_aklade/status/1033424770900144128,http://twitter.com/seth_aklade/status/1033424770900144128,,"Sat, 25 Aug 2018 18:44:00 GMT",
http://twitter.com/GearBooks/status/1033414967914115074,http://twitter.com/GearBooks/status/1033414967914115074,,"Sat, 25 Aug 2018 18:05:02 GMT",
Cancer Prevention Research Institute of Texas,http://www.cprit.state.tx.us/news/cprit-surpasses-2-billion-milestone-with-64-new-grants/,The Core Facilities awards make cutting edge <b>technology</b> available to multiple research ... effects of chemotherapy based on <b>technology</b> designed at The University of Texas MD Anderson Cancer...,"Fri, 24 Aug 2018 20:00:30 GMT",
http://twitter.com/BeccaFatokun/status/1033018518210535425,http://twitter.com/BeccaFatokun/status/1033018518210535425,,"Fri, 24 Aug 2018 15:49:41 GMT",
http://twitter.com/collabothon2018/status/1033006554075881472,http://twitter.com/collabothon2018/status/1033006554075881472,,"Fri, 24 Aug 2018 15:02:09 GMT",